record_id,customer_id,touch_date,channel,response_time_hours
MAR-000914,VIS-0226,2023-10-25,Push Notification,5.873894221153528
MAR-000145,VIS-0030,2024-05-17,Retarget Ad,20.689756984077313
MAR-000124,VIS-0026,2024-05-15,SMS,12.091807206931431
MAR-000492,VIS-0119,2024-03-11,SMS,0.1
MAR-001191,VIS-0289,2024-06-15,SMS,18.094840971471605
MAR-001532,VIS-0365,2023-11-19,Push Notification,12.05662927784697
MAR-000404,VIS-0093,2024-06-22,Retarget Ad,0.1
MAR-000300,VIS-0067,2024-03-27,Push Notification,6.853325665759607
MAR-001796,VIS-0428,2023-06-28,Retarget Ad,5.674252817689968
MAR-000547,VIS-0137,2024-01-29,Email,13.95006461560807
MAR-001448,VIS-0344,2023-08-13,Push Notification,20.647719611672052
MAR-001553,VIS-0370,2023-06-19,Email,0.1
MAR-000941,VIS-0233,2023-12-09,Retarget Ad,4.83611504000881
MAR-000848,VIS-0209,2024-02-05,Push Notification,12.199925246565828
MAR-000978,VIS-0243,2024-01-12,Retarget Ad,15.257923984264478
MAR-001108,VIS-0272,2023-11-11,Push Notification,17.85613809553778
MAR-000055,VIS-0013,2024-04-18,SMS,0.29187169805325475
MAR-000106,VIS-0023,2023-09-20,Push Notification,6.703340094855338
MAR-000938,VIS-0231,2024-02-07,Push Notification,15.994025278471376
MAR-000294,VIS-0065,2023-07-03,SMS,7.3050723543255875
MAR-001741,VIS-0413,2023-07-09,SMS,15.436851323115134
MAR-000146,VIS-0030,2023-10-29,Retarget Ad,20.413397514992287
MAR-001287,VIS-0312,2024-01-03,SMS,0.1
MAR-000335,VIS-0075,2024-03-17,Retarget Ad,3.564918851864797
MAR-001074,VIS-0265,2024-06-21,SMS,10.691120240499973
MAR-000085,VIS-0018,2023-08-01,Retarget Ad,3.7378677964320524
MAR-000426,VIS-0098,2023-10-23,Email,3.9034145551724624
MAR-001620,VIS-0386,2023-11-14,SMS,14.003648859469298
MAR-001237,VIS-0299,2024-04-21,Email,1.5293762916398699
MAR-001060,VIS-0263,2023-10-13,Retarget Ad,1.2797139437495302
MAR-000430,VIS-0099,2024-06-03,SMS,17.97970448240761
MAR-000720,VIS-0180,2024-01-26,Push Notification,6.101873922610441
MAR-001631,VIS-0388,2023-10-21,Email,9.733772365707148
MAR-001362,VIS-0325,2023-09-28,Push Notification,19.95685761055205
MAR-001283,VIS-0310,2024-04-18,Push Notification,14.966446125866495
MAR-000972,VIS-0240,2023-07-10,Retarget Ad,25.983405608323817
MAR-001729,VIS-0409,2024-02-11,SMS,10.530875036501525
MAR-000741,VIS-0187,2023-08-31,Push Notification,10.879152447795226
MAR-001778,VIS-0425,2023-08-08,SMS,
MAR-000634,VIS-0160,2023-07-19,Push Notification,13.314469941487332
MAR-001036,VIS-0255,2023-06-08,Email,19.43803535507813
MAR-000858,VIS-0211,2024-03-21,Email,17.71019990354319
MAR-000960,VIS-0237,2023-08-06,Push Notification,11.738440670524682
MAR-001602,VIS-0382,2023-11-17,Retarget Ad,13.610720530565994
MAR-001175,VIS-0287,2024-01-24,Retarget Ad,8.627727900675733
MAR-000576,VIS-0144,2024-06-25,Push Notification,22.05339290053704
MAR-001660,VIS-0394,2023-08-09,Push Notification,11.442040180069206
MAR-000052,VIS-0012,2024-06-27,Email,25.114277144838745
MAR-000462,VIS-0111,2024-03-11,Retarget Ad,9.0115770826879
MAR-001609,VIS-0384,2024-01-29,Push Notification,7.500235772808106
MAR-000278,VIS-0062,2023-07-20,SMS,4.222904306971652
MAR-000034,VIS-0008,2023-07-30,Push Notification,0.1
MAR-000058,VIS-0013,2024-05-09,Retarget Ad,6.294024957906522
MAR-000298,VIS-0067,2023-10-24,Retarget Ad,6.544600914206713
MAR-001347,VIS-0323,2023-06-15,Retarget Ad,3.0056404979600235
MAR-001724,VIS-0408,2023-11-19,Push Notification,11.803943134406065
MAR-001212,VIS-0293,2023-11-08,Push Notification,0.34023971692219757
MAR-000679,VIS-0171,2023-10-25,Push Notification,10.325599954708476
MAR-001413,VIS-0335,2023-08-07,Retarget Ad,12.820069616405805
MAR-000713,VIS-0178,2023-08-30,SMS,9.946782532674323
MAR-000766,VIS-0193,2023-11-07,Push Notification,3.6948891007602587
MAR-000456,VIS-0108,2024-06-26,SMS,10.58473689900105
MAR-000065,VIS-0014,2024-02-07,Email,6.148960020056393
MAR-000266,VIS-0058,2023-08-31,Email,4.045299573162611
MAR-000197,VIS-0045,2023-12-08,SMS,14.232996811521794
MAR-000206,VIS-0047,2024-05-02,Email,8.728403233875405
MAR-000637,VIS-0160,2023-09-02,SMS,16.395431300859002
MAR-001314,VIS-0316,2024-05-01,Retarget Ad,3.5527478961488512
MAR-001319,VIS-0318,2023-10-29,SMS,16.46341572377518
MAR-001172,VIS-0286,2023-08-05,SMS,5.472324941129352
MAR-000361,VIS-0081,2024-04-24,SMS,10.257290081743701
MAR-000677,VIS-0170,2024-05-03,SMS,0.1
MAR-000526,VIS-0131,2023-06-16,Push Notification,2.767326146100375
MAR-000597,VIS-0150,2023-10-24,SMS,9.942778158644716
MAR-000865,VIS-0212,2023-11-11,Push Notification,0.5140250599605136
MAR-000770,VIS-0194,2023-11-19,SMS,14.617745446843509
MAR-001701,VIS-0404,2023-09-13,Retarget Ad,18.041190683445897
MAR-001507,VIS-0359,2023-07-12,Email,1.3654138703895424
MAR-000555,VIS-0140,2024-06-03,SMS,14.727361812581844
MAR-000802,VIS-0201,2023-10-24,SMS,2.8056128162266347
MAR-000575,VIS-0144,2023-12-13,Email,27.62708370315727
MAR-001717,VIS-0406,2024-04-13,Push Notification,19.219615505320323
MAR-000068,VIS-0014,2024-05-21,Retarget Ad,7.915244612641618
MAR-000996,VIS-0246,2023-12-17,Retarget Ad,10.208735516720337
MAR-000188,VIS-0043,2023-07-16,SMS,18.07681309133513
MAR-001648,VIS-0392,2024-03-12,SMS,
MAR-000432,VIS-0100,2024-03-08,Retarget Ad,11.581043734034138
MAR-000112,VIS-0024,2023-06-30,Retarget Ad,8.234976253330968
MAR-001176,VIS-0287,2023-08-05,Push Notification,8.409249631532095
MAR-000181,VIS-0041,2023-11-07,Retarget Ad,17.561473835055107
MAR-000252,VIS-0055,2024-06-23,Email,0.1
MAR-000569,VIS-0143,2023-08-27,SMS,12.751071458982201
MAR-000673,VIS-0169,2023-11-28,Push Notification,6.049133034454931
MAR-000889,VIS-0219,2024-04-02,Retarget Ad,7.1533902750155764
MAR-000302,VIS-0067,2023-08-18,Push Notification,6.46474780317431
MAR-000115,VIS-0024,2023-11-30,Retarget Ad,
MAR-000064,VIS-0014,2023-08-08,Push Notification,2.1103578009561685
MAR-001179,VIS-0287,2023-07-24,Push Notification,12.978758138473683
MAR-001680,VIS-0400,2023-06-25,Email,8.067539433015732
MAR-001058,VIS-0261,2024-06-11,Email,0.6318658062145284
MAR-001087,VIS-0266,2023-12-31,Push Notification,24.47237204446568
MAR-000161,VIS-0034,2024-04-27,SMS,5.539935409390074
MAR-001211,VIS-0293,2024-04-14,Push Notification,
MAR-000862,VIS-0211,2023-08-09,Email,23.038459135441407
MAR-001080,VIS-0266,2023-12-14,Retarget Ad,11.93093458964799
MAR-000039,VIS-0009,2023-09-18,Email,2.0708678172463957
MAR-000006,VIS-0003,2023-09-17,Retarget Ad,15.703634735062586
MAR-000000,VIS-0001,2024-04-08,SMS,0.6683051596099938
MAR-001270,VIS-0307,2023-10-03,Push Notification,12.088145404366628
MAR-000755,VIS-0190,2024-02-25,Retarget Ad,25.212419973811244
MAR-001813,VIS-0432,2024-01-18,SMS,4.899485507917168
MAR-001742,VIS-0413,2023-12-04,Retarget Ad,20.95795063940971
MAR-001259,VIS-0304,2023-08-31,Push Notification,13.163646416312975
MAR-000042,VIS-0009,2023-09-24,Push Notification,7.022915585411706
MAR-000935,VIS-0231,2024-05-28,Push Notification,12.85710416302699
MAR-001470,VIS-0349,2024-01-27,SMS,8.756570158220748
MAR-001578,VIS-0375,2023-11-06,Email,8.752745760722881
MAR-001310,VIS-0316,2023-08-20,Email,0.1
MAR-000583,VIS-0145,2023-09-09,SMS,0.1
MAR-000681,VIS-0171,2023-06-09,SMS,18.394162390706107
MAR-001466,VIS-0348,2023-12-16,Retarget Ad,11.581455890942483
MAR-001419,VIS-0336,2024-01-06,Email,4.016918718442477
MAR-000076,VIS-0016,2023-11-22,Push Notification,10.566012445053474
MAR-000226,VIS-0051,2024-02-02,Retarget Ad,19.248281980409146
MAR-000869,VIS-0215,2023-11-27,SMS,23.44956915588062
MAR-000642,VIS-0162,2024-06-01,Retarget Ad,18.850955397958604
MAR-000234,VIS-0052,2024-06-22,Email,11.033021647619384
MAR-001254,VIS-0302,2023-06-22,Email,20.787837361546355
MAR-000196,VIS-0045,2024-01-18,Email,8.242934193046084
MAR-000004,VIS-0002,2024-05-07,Email,17.035985764290764
MAR-000580,VIS-0145,2023-10-02,Push Notification,0.1
MAR-000730,VIS-0185,2024-03-27,Push Notification,6.764289151630557
MAR-001605,VIS-0384,2024-06-17,Push Notification,6.8659782782602
MAR-001336,VIS-0320,2024-04-10,Retarget Ad,9.458966999671247
MAR-000812,VIS-0202,2024-03-14,Push Notification,24.097433848516495
MAR-000615,VIS-0156,2024-02-13,SMS,1.5975447228940114
MAR-000759,VIS-0191,2024-03-26,Email,7.448828674772739
MAR-000082,VIS-0017,2024-02-07,Retarget Ad,17.833391864349213
MAR-000585,VIS-0146,2023-06-01,Retarget Ad,9.221158560088615
MAR-001734,VIS-0411,2024-05-12,Push Notification,1.8256018113759822
MAR-001369,VIS-0327,2023-07-02,Push Notification,5.694187492054568
MAR-001454,VIS-0345,2023-09-12,Email,11.189697264008496
MAR-000409,VIS-0094,2023-07-17,Retarget Ad,13.182589325502969
MAR-000118,VIS-0025,2024-04-06,Email,8.417571417631477
MAR-001599,VIS-0382,2023-10-28,Retarget Ad,9.792396787728702
MAR-000089,VIS-0020,2023-12-24,SMS,10.252712922662004
MAR-000465,VIS-0111,2023-09-18,Push Notification,1.1166172376911474
MAR-000218,VIS-0050,2023-11-29,Retarget Ad,5.4514956636833105
MAR-001403,VIS-0333,2023-09-22,Retarget Ad,0.1
MAR-000669,VIS-0168,2024-03-07,Email,28.45526110555418
MAR-000225,VIS-0051,2023-11-13,Email,7.0352821991331345
MAR-001391,VIS-0331,2024-03-29,Push Notification,0.1
MAR-000833,VIS-0205,2023-10-06,Retarget Ad,13.623848915949559
MAR-000480,VIS-0117,2024-04-08,Retarget Ad,19.28185359011928
MAR-000511,VIS-0126,2023-12-14,Retarget Ad,10.355381418298323
MAR-000087,VIS-0018,2023-09-04,Push Notification,
MAR-000819,VIS-0203,2024-05-09,Push Notification,27.05433910439941
MAR-001251,VIS-0302,2023-07-25,SMS,16.43511722283591
MAR-001414,VIS-0335,2023-09-11,Push Notification,4.801535565180771
MAR-001035,VIS-0255,2023-11-18,Retarget Ad,25.709855799580975
MAR-001561,VIS-0371,2024-04-06,Retarget Ad,0.1
MAR-001544,VIS-0369,2023-10-08,Push Notification,13.037104280293264
MAR-001788,VIS-0427,2024-05-15,SMS,11.3699076827574
MAR-001359,VIS-0325,2023-08-06,SMS,14.010328641687874
MAR-000305,VIS-0069,2024-02-16,Email,
MAR-000231,VIS-0052,2023-10-10,Email,18.26474875094752
MAR-000144,VIS-0030,2023-10-31,SMS,18.448357824046624
MAR-001551,VIS-0369,2024-02-13,Retarget Ad,10.58133218677795
MAR-000357,VIS-0080,2024-04-06,Email,11.272111978799565
MAR-000008,VIS-0004,2023-08-31,SMS,23.86928347900629
MAR-000726,VIS-0182,2024-01-09,Push Notification,19.512799451952283
MAR-001750,VIS-0416,2023-07-09,Push Notification,12.959019938658699
MAR-000844,VIS-0208,2023-09-02,SMS,0.1
MAR-001811,VIS-0431,2023-10-05,Retarget Ad,25.054610456275707
MAR-001702,VIS-0404,2024-05-04,Push Notification,9.569375200723375
MAR-000744,VIS-0187,2023-08-22,Retarget Ad,5.666277469012412
MAR-000011,VIS-0005,2023-12-11,Email,9.471342952893869
MAR-000200,VIS-0046,2023-07-14,SMS,17.85877778255452
MAR-000631,VIS-0160,2023-08-24,Email,4.969614230085915
MAR-001182,VIS-0287,2024-03-22,Push Notification,3.2807028491184393
MAR-001255,VIS-0302,2023-11-13,Push Notification,10.505468831755906
MAR-001370,VIS-0327,2023-06-09,Retarget Ad,4.51283103832554
MAR-000623,VIS-0159,2024-02-25,Push Notification,3.843793231239223
MAR-000241,VIS-0053,2024-06-01,SMS,5.395059281716669
MAR-000128,VIS-0026,2024-03-13,Push Notification,21.135099014474932
MAR-000743,VIS-0187,2024-02-13,Retarget Ad,0.1
MAR-001266,VIS-0306,2023-07-11,Push Notification,8.330372206687601
MAR-001157,VIS-0283,2024-02-20,Retarget Ad,27.41268471225637
MAR-000228,VIS-0051,2023-06-17,Email,1.8063318614596806
MAR-000957,VIS-0237,2023-09-06,Retarget Ad,4.740806256646571
MAR-001397,VIS-0332,2023-12-05,Email,11.507134663847788
MAR-001121,VIS-0275,2023-06-12,Retarget Ad,10.484059961305348
MAR-000764,VIS-0192,2024-06-24,Retarget Ad,19.302895012122043
MAR-001615,VIS-0386,2023-08-20,Push Notification,13.072942236523764
MAR-001463,VIS-0348,2024-04-09,Retarget Ad,13.897846851095506
MAR-001432,VIS-0339,2023-08-24,SMS,16.131637577548638
MAR-000154,VIS-0032,2023-09-29,Push Notification,0.5634315523508135
MAR-001048,VIS-0257,2024-04-13,Retarget Ad,12.237542048522997
MAR-001677,VIS-0399,2023-10-24,Retarget Ad,11.86426396868487
MAR-001219,VIS-0294,2023-10-12,Email,
MAR-001613,VIS-0385,2023-07-14,Retarget Ad,8.36538713387282
MAR-000254,VIS-0055,2023-08-19,Push Notification,0.1
MAR-000281,VIS-0062,2024-02-08,Email,9.940439521275886
MAR-000703,VIS-0176,2023-11-20,Push Notification,
MAR-000748,VIS-0188,2024-02-15,Retarget Ad,13.805929925694695
MAR-000611,VIS-0154,2023-07-31,Email,7.451170026935015
MAR-000901,VIS-0222,2024-01-11,Push Notification,7.571233562030704
MAR-000955,VIS-0237,2023-09-20,Retarget Ad,11.14557588675627
MAR-000621,VIS-0158,2023-09-26,Push Notification,11.98574146719413
MAR-000211,VIS-0048,2024-06-12,Push Notification,15.346815521834209
MAR-000774,VIS-0195,2023-09-06,Push Notification,13.725711017222078
MAR-001610,VIS-0384,2024-03-07,Push Notification,15.737219344741742
MAR-000452,VIS-0108,2023-07-01,Email,14.531816280823584
MAR-000263,VIS-0057,2024-06-17,Push Notification,0.1
MAR-000400,VIS-0091,2024-01-07,Push Notification,9.96607039401494
MAR-000429,VIS-0099,2024-06-11,Retarget Ad,10.955923464792559
MAR-000928,VIS-0230,2023-07-02,SMS,16.68959791411503
MAR-000798,VIS-0200,2023-06-01,Push Notification,0.1
MAR-000047,VIS-0011,2023-10-03,Email,12.636375508153513
MAR-000578,VIS-0145,2023-06-11,SMS,3.248760097029724
MAR-000485,VIS-0118,2023-07-11,Email,4.251958307224468
MAR-000557,VIS-0140,2024-01-05,Push Notification,8.248616111663688
MAR-000640,VIS-0162,2024-04-05,Retarget Ad,23.373188028454223
MAR-001162,VIS-0284,2023-09-22,SMS,13.917213879031387
MAR-001066,VIS-0264,2023-12-27,SMS,18.10049382122514
MAR-000887,VIS-0219,2024-04-16,Push Notification,17.374983630853837
MAR-000563,VIS-0141,2023-11-25,Email,13.821080296670658
MAR-000283,VIS-0062,2024-06-05,Push Notification,10.864297125832632
MAR-001667,VIS-0397,2023-08-09,SMS,12.51630745326814
MAR-001235,VIS-0299,2024-03-02,Email,2.88920060458467
MAR-001004,VIS-0247,2023-08-23,Retarget Ad,5.153547277043057
MAR-001669,VIS-0397,2024-01-19,Retarget Ad,9.299345906182417
MAR-000797,VIS-0200,2023-10-30,Retarget Ad,0.1
MAR-001540,VIS-0367,2024-06-12,Email,0.23663271561484978
MAR-001674,VIS-0398,2023-12-13,Push Notification,3.66366683135145
MAR-000905,VIS-0222,2023-10-04,Email,17.04400151493583
MAR-000581,VIS-0145,2024-03-03,SMS,13.055479555849784
MAR-001089,VIS-0267,2023-10-07,Retarget Ad,0.1
MAR-000891,VIS-0220,2023-10-28,Push Notification,8.841191662235069
MAR-001230,VIS-0299,2023-08-27,Email,8.592894018999186
MAR-001379,VIS-0329,2023-07-20,Push Notification,6.522943001192244
MAR-001278,VIS-0309,2024-02-26,Push Notification,
MAR-001546,VIS-0369,2023-10-23,SMS,9.366482149122907
MAR-000399,VIS-0090,2024-06-03,Retarget Ad,0.1
MAR-000165,VIS-0035,2023-09-21,Email,9.202221055871089
MAR-001488,VIS-0353,2023-08-27,Retarget Ad,21.464687034470987
MAR-000173,VIS-0038,2024-01-21,Email,11.106050348609953
MAR-001661,VIS-0395,2023-09-30,Retarget Ad,0.1
MAR-001826,VIS-0435,2024-01-16,Retarget Ad,11.37278253949462
MAR-000586,VIS-0146,2023-08-31,Retarget Ad,0.1
MAR-001587,VIS-0377,2023-08-07,SMS,7.410386482490164
MAR-001469,VIS-0349,2023-09-11,Retarget Ad,6.909059241346231
MAR-000148,VIS-0031,2024-01-20,Retarget Ad,8.727157347842933
MAR-000288,VIS-0065,2023-10-19,SMS,5.700682422649445
MAR-001523,VIS-0362,2023-08-01,SMS,0.2967744792908409
MAR-000897,VIS-0221,2023-12-05,Push Notification,0.1
MAR-001718,VIS-0407,2024-03-05,Retarget Ad,10.954928516204067
MAR-000417,VIS-0097,2024-02-05,Email,19.33109440886986
MAR-000155,VIS-0033,2024-01-01,Email,2.244056370900022
MAR-001558,VIS-0371,2023-12-18,SMS,
MAR-000032,VIS-0008,2024-03-10,Email,3.082512214811617
MAR-001512,VIS-0360,2023-10-18,Email,11.299240044744822
MAR-000501,VIS-0123,2024-04-02,SMS,4.663955678003972
MAR-000706,VIS-0177,2024-01-31,Email,1.3425712693372267
MAR-000466,VIS-0111,2023-07-24,SMS,6.433501302686589
MAR-001334,VIS-0320,2024-05-04,SMS,14.847171853990266
MAR-000727,VIS-0182,2023-06-14,Retarget Ad,9.759125449834771
MAR-000606,VIS-0154,2023-10-25,Email,0.4358171594449982
MAR-000371,VIS-0083,2024-05-03,Push Notification,13.622862139646
MAR-000792,VIS-0199,2023-08-07,SMS,6.402417066086611
MAR-000060,VIS-0013,2023-12-24,Email,0.8529039945878849
MAR-000916,VIS-0226,2024-04-03,Retarget Ad,7.299025473158275
MAR-001534,VIS-0366,2024-02-02,Push Notification,3.8465417986139414
MAR-000179,VIS-0040,2024-06-06,Retarget Ad,16.133771495466483
MAR-001317,VIS-0317,2024-06-20,Email,
MAR-000523,VIS-0130,2024-01-22,Retarget Ad,14.520899273595397
MAR-001533,VIS-0366,2024-03-02,Retarget Ad,7.117382011930324
MAR-001071,VIS-0264,2023-08-16,Email,14.681219522533098
MAR-000139,VIS-0029,2023-10-10,SMS,4.434695495968855
MAR-001285,VIS-0312,2023-11-11,SMS,0.1
MAR-000295,VIS-0067,2023-10-08,Retarget Ad,9.341408331676831
MAR-001276,VIS-0308,2024-02-08,Retarget Ad,3.377914359023954
MAR-001471,VIS-0349,2024-04-27,Retarget Ad,7.935428327164569
MAR-001366,VIS-0327,2023-12-28,Email,7.6169156637601185
MAR-000013,VIS-0005,2023-06-28,Push Notification,8.375776183330997
MAR-001563,VIS-0371,2024-01-05,SMS,0.1
MAR-000831,VIS-0205,2023-12-30,Retarget Ad,10.064378447615669
MAR-000245,VIS-0054,2023-12-30,SMS,0.1
MAR-001823,VIS-0434,2024-02-19,Email,10.660984119930259
MAR-000602,VIS-0150,2023-08-19,Retarget Ad,9.226615748147715
MAR-001164,VIS-0285,2024-02-02,SMS,14.495303295434077
MAR-000747,VIS-0188,2024-03-11,Retarget Ad,16.6776199180623
MAR-001026,VIS-0251,2023-09-19,Email,4.938119749821488
MAR-000307,VIS-0069,2023-10-04,Email,23.25697195766088
MAR-001557,VIS-0371,2024-01-18,SMS,0.2288470079325557
MAR-000705,VIS-0176,2023-09-10,Retarget Ad,13.590363788508734
MAR-000329,VIS-0074,2024-02-23,SMS,1.7809911088910115
MAR-001110,VIS-0272,2024-05-26,Email,22.101495539746534
MAR-001619,VIS-0386,2023-09-06,Retarget Ad,9.367977196483421
MAR-000714,VIS-0179,2023-11-29,Email,5.597256943376875
MAR-000628,VIS-0159,2023-10-04,Email,6.958718312112648
MAR-000738,VIS-0187,2023-12-20,Retarget Ad,6.924720731304349
MAR-001786,VIS-0427,2024-05-03,Retarget Ad,17.01499562248962
MAR-001460,VIS-0347,2023-06-19,Email,11.63766089897137
MAR-000841,VIS-0206,2023-06-13,Push Notification,4.665276845383944
MAR-000994,VIS-0246,2024-06-03,Push Notification,3.5692733466230466
MAR-001573,VIS-0373,2024-01-16,Push Notification,20.74523793246363
MAR-001754,VIS-0417,2023-10-29,Push Notification,3.9050138563450196
MAR-000980,VIS-0243,2024-04-22,Retarget Ad,0.1
MAR-000363,VIS-0081,2023-08-18,Push Notification,3.674550315549917
MAR-000940,VIS-0232,2024-04-04,Retarget Ad,16.634919236613673
MAR-000324,VIS-0073,2023-12-11,Email,0.1
MAR-001008,VIS-0248,2024-01-02,Push Notification,12.539244670752552
MAR-000389,VIS-0088,2024-03-15,Push Notification,9.491648936233714
MAR-001261,VIS-0305,2023-09-06,Push Notification,14.04330869025199
MAR-000108,VIS-0023,2024-04-02,Email,17.516015968764044
MAR-000588,VIS-0146,2024-02-28,Push Notification,0.5492257157506275
MAR-001307,VIS-0315,2023-12-07,SMS,0.1
MAR-000392,VIS-0088,2023-07-26,Retarget Ad,5.446990760179492
MAR-001628,VIS-0388,2024-01-11,Push Notification,10.593773512642748
MAR-000643,VIS-0162,2024-02-09,Push Notification,16.26180694784893
MAR-000650,VIS-0164,2023-08-19,Email,5.234941036033088
MAR-000824,VIS-0204,2023-07-10,Retarget Ad,17.2539810447755
MAR-001291,VIS-0312,2024-05-18,Retarget Ad,0.1
MAR-000244,VIS-0054,2023-10-21,Retarget Ad,6.348250485367412
MAR-000751,VIS-0188,2024-06-14,Email,18.71624792984003
MAR-001245,VIS-0301,2024-02-25,SMS,7.847842866783729
MAR-000437,VIS-0103,2023-08-23,Email,7.889619747850009
MAR-000789,VIS-0198,2024-06-27,SMS,17.29889835888314
MAR-000436,VIS-0101,2024-01-25,Push Notification,13.889248897827727
MAR-001639,VIS-0389,2023-08-05,Retarget Ad,
MAR-001830,VIS-0436,2023-07-07,SMS,4.673248166352693
MAR-001308,VIS-0315,2024-05-23,Push Notification,0.1
MAR-000376,VIS-0083,2023-08-09,Email,23.80187041026076
MAR-000473,VIS-0114,2024-02-22,Email,4.730696017468772
MAR-000322,VIS-0072,2023-06-02,Push Notification,
MAR-000930,VIS-0230,2024-02-21,SMS,16.485779527550097
MAR-000325,VIS-0073,2023-06-27,SMS,7.27225345139168
MAR-001368,VIS-0327,2024-01-27,Email,10.013989166764537
MAR-001536,VIS-0367,2024-01-08,Retarget Ad,6.915232890152293
MAR-000321,VIS-0072,2024-05-16,SMS,4.901294703014006
MAR-000162,VIS-0034,2023-09-16,Email,15.146750564344282
MAR-001032,VIS-0253,2024-03-26,Retarget Ad,4.037751004395733
MAR-000494,VIS-0120,2024-04-02,Retarget Ad,9.6288887210862
MAR-001315,VIS-0317,2023-06-08,Email,8.831879432378411
MAR-000338,VIS-0076,2024-02-06,SMS,5.713150515216096
MAR-001655,VIS-0394,2024-02-29,SMS,17.522224137712577
MAR-001406,VIS-0333,2024-04-20,Push Notification,0.1
MAR-000350,VIS-0079,2024-04-22,SMS,18.325179298368266
MAR-000365,VIS-0081,2024-04-23,Push Notification,22.520777570571134
MAR-000403,VIS-0093,2024-02-01,Push Notification,8.13589999610137
MAR-000574,VIS-0144,2024-02-02,Retarget Ad,23.734997062327615
MAR-000698,VIS-0175,2023-06-15,Email,8.753452659775014
MAR-001474,VIS-0350,2023-12-03,Retarget Ad,0.1
MAR-001320,VIS-0318,2023-12-01,SMS,19.50455759607918
MAR-001299,VIS-0313,2023-07-01,SMS,14.227427867385698
MAR-001292,VIS-0313,2024-03-11,Email,5.806948302244838
MAR-001298,VIS-0313,2023-07-05,Retarget Ad,11.674704679040115
MAR-000974,VIS-0241,2023-08-02,Retarget Ad,19.845563333456603
MAR-001400,VIS-0332,2023-08-03,Email,
MAR-001543,VIS-0368,2023-12-09,SMS,0.6503213775847803
MAR-001809,VIS-0431,2023-12-25,Retarget Ad,32.65610986639651
MAR-000261,VIS-0057,2023-08-31,Push Notification,0.1
MAR-000689,VIS-0173,2023-12-19,Push Notification,1.8286200721103447
MAR-001417,VIS-0336,2024-02-17,Email,3.68487789625957
MAR-001621,VIS-0386,2023-12-09,Email,8.475446512526089
MAR-000695,VIS-0175,2023-07-05,Retarget Ad,19.275204934386945
MAR-001571,VIS-0373,2023-08-04,SMS,18.09385400469558
MAR-000486,VIS-0118,2023-06-16,SMS,0.7607662715429715
MAR-000099,VIS-0022,2024-03-20,Push Notification,21.36463121433164
MAR-001169,VIS-0286,2023-10-07,SMS,6.486226434743964
MAR-001147,VIS-0280,2024-06-26,Push Notification,10.587494904978179
MAR-000337,VIS-0076,2023-12-30,Email,9.947823453996374
MAR-001331,VIS-0319,2024-02-18,Retarget Ad,2.288518466983499
MAR-001199,VIS-0290,2024-04-03,Email,26.687804034611908
MAR-001197,VIS-0290,2023-12-02,Push Notification,16.9138272733547
MAR-000075,VIS-0016,2024-05-14,SMS,21.388718808816783
MAR-001819,VIS-0433,2024-04-24,Push Notification,26.936524907036567
MAR-001719,VIS-0407,2024-04-06,Push Notification,12.656517037720349
MAR-000927,VIS-0229,2023-08-18,SMS,10.335273595755766
MAR-000499,VIS-0122,2024-06-15,Retarget Ad,
MAR-001492,VIS-0353,2023-12-26,Email,15.046331356806274
MAR-000754,VIS-0190,2023-07-11,Push Notification,23.657238963584497
MAR-001241,VIS-0300,2023-10-21,SMS,15.274401990303488
MAR-000863,VIS-0212,2024-01-25,SMS,4.262435357134472
MAR-001535,VIS-0366,2023-10-09,Retarget Ad,7.662864138754535
MAR-001385,VIS-0330,2023-12-24,Retarget Ad,12.418538059673924
MAR-001511,VIS-0360,2024-01-14,SMS,3.682612232839083
MAR-000514,VIS-0126,2024-05-25,Retarget Ad,8.927891723069344
MAR-000739,VIS-0187,2024-06-29,Email,7.716894753191783
MAR-001663,VIS-0396,2023-12-23,Email,2.570850363110434
MAR-000291,VIS-0065,2023-12-06,SMS,13.714978744852376
MAR-001346,VIS-0323,2023-06-24,Push Notification,4.056580873861944
MAR-000867,VIS-0214,2023-12-24,Push Notification,
MAR-001305,VIS-0315,2024-02-23,Push Notification,9.295053362881006
MAR-000593,VIS-0148,2023-12-10,Push Notification,20.339957814059577
MAR-001390,VIS-0331,2024-03-24,Retarget Ad,2.9687329076481133
MAR-001732,VIS-0410,2024-04-22,Retarget Ad,11.298000409954401
MAR-000259,VIS-0057,2024-02-07,Push Notification,0.1
MAR-000411,VIS-0094,2024-05-27,Push Notification,13.969042132644843
MAR-000605,VIS-0154,2024-01-02,Retarget Ad,4.904957370162037
MAR-001449,VIS-0344,2023-06-17,Push Notification,15.417831502490806
MAR-000883,VIS-0219,2024-06-09,Email,12.665870541373575
MAR-000997,VIS-0246,2023-06-14,Email,9.995960336006473
MAR-000785,VIS-0198,2023-08-25,Retarget Ad,19.643280420802256
MAR-000007,VIS-0004,2023-11-23,SMS,22.26075403257936
MAR-001595,VIS-0381,2023-10-31,SMS,11.69943045871303
MAR-001156,VIS-0283,2024-05-09,Email,22.75788218850421
MAR-001141,VIS-0280,2023-06-11,Push Notification,9.40608412765309
MAR-000103,VIS-0023,2023-12-07,Email,9.788856916797108
MAR-000550,VIS-0137,2024-05-15,Email,14.473782811610834
MAR-000214,VIS-0048,2024-01-11,Push Notification,15.816793357143505
MAR-000691,VIS-0174,2023-08-21,Retarget Ad,
MAR-001096,VIS-0269,2024-03-26,Email,8.610079226592578
MAR-001051,VIS-0259,2023-08-29,Push Notification,2.847079322205141
MAR-000169,VIS-0037,2024-03-08,Push Notification,0.1
MAR-000965,VIS-0239,2024-04-24,SMS,
MAR-001515,VIS-0361,2023-11-17,Push Notification,9.708923544998665
MAR-001148,VIS-0280,2023-10-13,Push Notification,1.7524752765521665
MAR-000439,VIS-0104,2024-02-21,SMS,10.49751120823434
MAR-000137,VIS-0029,2024-06-14,Retarget Ad,12.517906041339591
MAR-000657,VIS-0165,2023-06-21,SMS,10.495798074310818
MAR-000979,VIS-0243,2024-04-21,SMS,14.418979966112444
MAR-000601,VIS-0150,2024-06-11,Email,14.441798055586968
MAR-000906,VIS-0223,2023-10-04,Retarget Ad,11.92215958392001
MAR-000202,VIS-0046,2023-12-01,Retarget Ad,8.89350217645831
MAR-000989,VIS-0244,2023-08-20,Push Notification,0.1
MAR-000512,VIS-0126,2023-07-11,SMS,12.462683930380006
MAR-000999,VIS-0247,2024-04-22,SMS,6.369883549223573
MAR-001086,VIS-0266,2024-04-23,Email,17.45175955780489
MAR-000900,VIS-0222,2023-11-06,Push Notification,9.905292818210302
MAR-001519,VIS-0362,2024-04-03,Email,6.344595075516166
MAR-001384,VIS-0330,2024-06-13,SMS,5.807391987446377
MAR-000094,VIS-0020,2024-06-01,Email,8.605481465319585
MAR-000383,VIS-0086,2024-01-18,Retarget Ad,14.676871485713328
MAR-000988,VIS-0244,2023-12-12,SMS,1.0477663632340188
MAR-001800,VIS-0429,2023-09-04,SMS,21.689522460410075
MAR-001429,VIS-0339,2024-06-19,Retarget Ad,11.240105834460234
MAR-001392,VIS-0331,2023-11-13,SMS,7.033509953148627
MAR-001238,VIS-0300,2024-03-07,SMS,8.886129705527122
MAR-001126,VIS-0276,2023-07-16,SMS,0.1
MAR-000265,VIS-0058,2024-04-02,Retarget Ad,2.908729304389769
MAR-000121,VIS-0025,2023-11-18,Push Notification,7.4202264455479074
MAR-001771,VIS-0422,2024-01-15,Retarget Ad,15.443403499228811
MAR-000195,VIS-0045,2024-01-22,Email,12.828054060321113
MAR-000182,VIS-0041,2024-04-01,Email,12.950969707518755
MAR-000230,VIS-0051,2023-11-10,Push Notification,13.209451445814018
MAR-001764,VIS-0419,2024-05-18,Email,17.7246613113281
MAR-001426,VIS-0338,2023-12-17,Push Notification,9.539703708996905
MAR-000962,VIS-0239,2023-12-05,Email,20.867746157990137
MAR-001067,VIS-0264,2023-08-30,SMS,20.087947924254262
MAR-001498,VIS-0354,2023-12-05,Email,9.494629060947837
MAR-000059,VIS-0013,2023-10-28,Push Notification,1.7928242351011523
MAR-001455,VIS-0345,2024-04-07,Push Notification,8.235303287100336
MAR-001547,VIS-0369,2023-07-14,Email,15.991640419942689
MAR-001118,VIS-0274,2024-01-01,Push Notification,18.766838782492183
MAR-001483,VIS-0351,2023-10-14,Email,30.418427727668394
MAR-000385,VIS-0087,2024-03-25,Push Notification,16.97841961257427
MAR-000156,VIS-0033,2024-03-15,Email,0.1
MAR-001714,VIS-0406,2024-04-03,Retarget Ad,5.572853732913057
MAR-000647,VIS-0164,2023-09-16,Email,2.912243879680906
MAR-001818,VIS-0433,2024-02-24,SMS,23.63855255142329
MAR-001510,VIS-0360,2024-04-23,Push Notification,11.476252973435624
MAR-000614,VIS-0156,2024-04-01,Push Notification,12.431178301127096
MAR-001738,VIS-0413,2024-06-07,SMS,16.309520970930826
MAR-001093,VIS-0269,2023-12-05,Email,1.006108562302432
MAR-000995,VIS-0246,2023-10-11,Retarget Ad,8.075226288560316
MAR-001375,VIS-0328,2024-06-01,SMS,4.195757888032823
MAR-000366,VIS-0081,2023-10-31,Push Notification,6.386812785822705
MAR-001668,VIS-0397,2024-02-05,SMS,13.088157230018496
MAR-000652,VIS-0165,2023-09-06,SMS,0.1
MAR-001801,VIS-0429,2023-09-29,Push Notification,19.517384785015132
MAR-000174,VIS-0038,2023-10-23,Push Notification,25.992424956161162
MAR-000856,VIS-0211,2023-10-19,Retarget Ad,21.19993618423821
MAR-000849,VIS-0209,2024-01-11,Push Notification,22.768372177626677
MAR-000348,VIS-0079,2024-01-16,Email,26.315764430371615
MAR-001520,VIS-0362,2023-12-10,Retarget Ad,0.1
MAR-000483,VIS-0117,2023-11-07,Push Notification,3.97895258705665
MAR-001068,VIS-0264,2023-10-22,Push Notification,23.285929814062143
MAR-000134,VIS-0028,2023-12-14,Retarget Ad,8.951540749618037
MAR-000044,VIS-0009,2023-09-04,Retarget Ad,23.968980899297144
MAR-000919,VIS-0227,2024-05-22,Retarget Ad,11.773728396051842
MAR-001339,VIS-0321,2023-08-24,Retarget Ad,2.5776965257050106
MAR-001260,VIS-0304,2023-12-02,Retarget Ad,17.97410720854676
MAR-000220,VIS-0050,2023-06-08,Push Notification,24.580829161118487
MAR-001550,VIS-0369,2024-01-27,SMS,10.015118782061556
MAR-000846,VIS-0209,2024-02-13,Email,14.469335845317609
MAR-001642,VIS-0390,2023-08-13,Push Notification,11.824251711675927
MAR-000153,VIS-0032,2024-04-30,Email,6.4252473970687305
MAR-001256,VIS-0304,2024-06-28,Retarget Ad,19.708440418958997
MAR-001201,VIS-0290,2023-08-23,SMS,34.245595991200645
MAR-001293,VIS-0313,2024-02-02,SMS,18.471006435663647
MAR-000685,VIS-0173,2024-04-10,Push Notification,3.568576437218847
MAR-000745,VIS-0187,2024-05-16,Push Notification,2.50126647341209
MAR-001467,VIS-0348,2024-06-12,Retarget Ad,18.185661166402525
MAR-000427,VIS-0099,2024-05-13,Email,18.01123622548827
MAR-001134,VIS-0278,2024-05-15,Retarget Ad,8.136461736110594
MAR-000256,VIS-0055,2023-12-14,SMS,0.1
MAR-001024,VIS-0251,2023-07-11,Push Notification,0.1
MAR-001503,VIS-0356,2024-01-10,Push Notification,17.325018025206667
MAR-000595,VIS-0149,2023-11-01,SMS,8.82652725533417
MAR-000455,VIS-0108,2024-06-08,Push Notification,32.197435627565696
MAR-001496,VIS-0354,2023-11-23,Retarget Ad,15.770932444120529
MAR-001424,VIS-0337,2024-01-20,Retarget Ad,9.784805081642377
MAR-001688,VIS-0401,2023-06-05,Push Notification,14.22224108327712
MAR-001756,VIS-0417,2024-03-28,SMS,13.987274702374627
MAR-001165,VIS-0285,2024-06-13,Retarget Ad,13.839334851717101
MAR-001312,VIS-0316,2023-09-20,Push Notification,1.6023160231752867
MAR-000803,VIS-0201,2024-06-28,Retarget Ad,7.787522768838907
MAR-000820,VIS-0203,2024-01-19,Push Notification,6.80485429833964
MAR-000177,VIS-0039,2023-11-20,Push Notification,11.626048000176725
MAR-001296,VIS-0313,2024-03-08,SMS,3.468853624640527
MAR-001427,VIS-0339,2023-12-04,Email,13.965207676753387
MAR-001138,VIS-0278,2024-02-23,Push Notification,6.719468511694029
MAR-000018,VIS-0006,2024-06-11,Email,14.471281250216252
MAR-000947,VIS-0236,2023-10-08,SMS,9.70442214918771
MAR-001202,VIS-0290,2023-12-11,Push Notification,19.929122879635706
MAR-001360,VIS-0325,2023-08-06,Push Notification,15.996110395300072
MAR-000125,VIS-0026,2023-09-30,Email,13.65937599748716
MAR-000722,VIS-0181,2024-03-17,SMS,15.093262989530128
MAR-000645,VIS-0163,2023-08-12,Email,7.721947299177257
MAR-001686,VIS-0401,2023-10-28,Email,14.495295193770504
MAR-001434,VIS-0341,2023-11-12,Retarget Ad,16.227967166745227
MAR-000790,VIS-0199,2024-05-08,Push Notification,8.509069895044348
MAR-000459,VIS-0110,2024-04-09,Push Notification,25.58967274135747
MAR-001816,VIS-0432,2024-04-26,SMS,9.186797822057146
MAR-001552,VIS-0370,2023-08-20,Push Notification,0.1
MAR-001252,VIS-0302,2024-05-11,Push Notification,10.132884542262513
MAR-000431,VIS-0100,2023-09-23,SMS,11.86039721175302
MAR-000113,VIS-0024,2024-05-26,Email,12.448857852540081
MAR-000671,VIS-0169,2023-06-28,Email,0.1
MAR-000104,VIS-0023,2023-10-02,SMS,16.672698303384824
MAR-001007,VIS-0248,2024-06-27,Email,5.7225655149923895
MAR-000857,VIS-0211,2023-08-13,Email,13.71695180965039
MAR-001218,VIS-0294,2024-02-29,SMS,6.371351212845565
MAR-000401,VIS-0091,2024-05-09,Push Notification,4.374997014334632
MAR-000815,VIS-0202,2024-04-09,Retarget Ad,9.532047411238638
MAR-000340,VIS-0077,2023-09-09,Push Notification,3.2003955792355274
MAR-000422,VIS-0098,2024-03-18,Push Notification,9.00843991625274
MAR-000636,VIS-0160,2024-06-09,Push Notification,10.521381150353967
MAR-000934,VIS-0231,2024-05-15,SMS,20.00722714559191
MAR-001681,VIS-0400,2023-09-24,Retarget Ad,17.671069418712683
MAR-000217,VIS-0050,2023-06-26,SMS,26.35431024650196
MAR-001022,VIS-0250,2024-04-21,SMS,18.634874693258762
MAR-000561,VIS-0141,2024-01-11,Email,15.408254921421802
MAR-001109,VIS-0272,2024-02-28,Email,16.30726171994363
MAR-001302,VIS-0315,2024-05-02,Email,11.841025516196876
MAR-001570,VIS-0373,2023-12-29,Retarget Ad,22.422073949690873
MAR-001548,VIS-0369,2024-03-11,SMS,0.1
MAR-000654,VIS-0165,2023-12-01,SMS,6.609854830020942
MAR-000336,VIS-0076,2023-12-26,Retarget Ad,9.47330043405916
MAR-001666,VIS-0397,2023-11-06,Push Notification,9.189890966256357
MAR-001033,VIS-0253,2024-04-23,Retarget Ad,0.1
MAR-000541,VIS-0135,2024-04-24,Email,9.29825328168643
MAR-001486,VIS-0351,2024-01-22,Push Notification,15.091394354265095
MAR-001046,VIS-0257,2023-11-13,Push Notification,11.07658682354035
MAR-000740,VIS-0187,2024-06-28,Retarget Ad,0.5606636095669231
MAR-000213,VIS-0048,2023-12-02,Retarget Ad,23.215961609007884
MAR-001222,VIS-0294,2023-08-12,SMS,0.1
MAR-000168,VIS-0037,2023-07-16,Push Notification,6.691676507011999
MAR-000232,VIS-0052,2023-11-16,Email,15.116866640204247
MAR-000902,VIS-0222,2024-04-17,Retarget Ad,5.842979366350004
MAR-001491,VIS-0353,2023-08-29,Push Notification,0.1
MAR-000731,VIS-0185,2024-05-25,SMS,10.958317949372091
MAR-000600,VIS-0150,2023-06-22,Email,11.018749946689496
MAR-001135,VIS-0278,2023-10-13,Push Notification,3.66363500769023
MAR-001402,VIS-0333,2023-12-06,SMS,2.6929548634877216
MAR-000016,VIS-0005,2023-11-29,SMS,13.317625724589732
MAR-000246,VIS-0054,2023-12-12,Retarget Ad,0.548011877497486
MAR-001146,VIS-0280,2023-08-15,SMS,2.5391075109329693
MAR-000356,VIS-0080,2023-12-29,Retarget Ad,25.777244229681294
MAR-001018,VIS-0249,2024-05-17,Push Notification,10.268639032794027
MAR-001401,VIS-0333,2023-08-30,Push Notification,0.1
MAR-000742,VIS-0187,2023-08-15,Retarget Ad,2.9105815879690127
MAR-000449,VIS-0107,2024-01-30,SMS,6.731565541063931
MAR-000959,VIS-0237,2024-02-19,Retarget Ad,5.525498617931319
MAR-000319,VIS-0072,2024-06-23,Email,0.7495386187300062
MAR-000078,VIS-0016,2023-10-21,Retarget Ad,11.494776251023625
MAR-000292,VIS-0065,2023-07-30,Email,9.530591545045318
MAR-001600,VIS-0382,2024-05-10,SMS,0.1
MAR-000761,VIS-0191,2024-01-12,Email,15.299982419738496
MAR-001472,VIS-0349,2023-12-08,Push Notification,8.536017497074546
MAR-000194,VIS-0044,2023-08-17,Retarget Ad,10.648260526488398
MAR-001678,VIS-0399,2024-01-29,SMS,4.781297343211742
MAR-000493,VIS-0120,2023-06-09,SMS,7.500347466215124
MAR-000349,VIS-0079,2023-11-29,Retarget Ad,36.48365538968723
MAR-001538,VIS-0367,2024-02-13,SMS,4.801352135397144
MAR-000369,VIS-0082,2024-06-06,SMS,9.231229537004214
MAR-000659,VIS-0166,2024-02-11,SMS,12.775688446745754
MAR-000469,VIS-0112,2023-11-17,Email,7.853491297064861
MAR-000282,VIS-0062,2023-10-16,Push Notification,0.1
MAR-001758,VIS-0418,2023-12-18,SMS,5.5848259489270715
MAR-001282,VIS-0309,2024-03-18,SMS,0.1
MAR-000331,VIS-0075,2023-06-02,Email,
MAR-001081,VIS-0266,2023-08-24,Retarget Ad,21.437063617448185
MAR-000396,VIS-0089,2024-06-09,Retarget Ad,9.481856415855745
MAR-000837,VIS-0206,2024-05-01,SMS,0.1
MAR-000290,VIS-0065,2023-08-28,Retarget Ad,9.422698080916781
MAR-001044,VIS-0257,2023-08-22,SMS,3.6580836327673634
MAR-001225,VIS-0294,2023-08-28,Retarget Ad,2.5696260187064173
MAR-001645,VIS-0390,2023-11-05,SMS,18.092696155834126
MAR-000599,VIS-0150,2023-10-15,Push Notification,8.661990236746066
MAR-001765,VIS-0419,2023-09-23,SMS,17.573058339245637
MAR-000377,VIS-0083,2024-05-11,Email,15.978180089903145
MAR-001079,VIS-0265,2023-08-19,Push Notification,9.750595043296487
MAR-000515,VIS-0126,2024-06-17,Retarget Ad,15.311682494674937
MAR-001257,VIS-0304,2023-12-10,Push Notification,16.02493495191323
MAR-001005,VIS-0248,2024-05-17,Retarget Ad,0.1
MAR-000587,VIS-0146,2024-01-11,SMS,0.9931531599782844
MAR-000419,VIS-0097,2023-06-28,SMS,25.300361135027984
MAR-001652,VIS-0392,2024-03-28,Push Notification,9.394311412711236
MAR-001418,VIS-0336,2024-05-07,Email,6.438217837767548
MAR-000267,VIS-0058,2023-07-29,Push Notification,1.5745253778573827
MAR-001372,VIS-0328,2024-01-07,Push Notification,2.2687872163008223
MAR-000251,VIS-0055,2023-08-22,SMS,0.1
MAR-001646,VIS-0390,2023-09-05,SMS,9.79201232710983
MAR-000250,VIS-0055,2023-06-30,Retarget Ad,0.1
MAR-001579,VIS-0375,2023-08-09,Push Notification,19.001741166323495
MAR-000776,VIS-0195,2023-08-10,Push Notification,7.963522473945213
MAR-000293,VIS-0065,2024-01-09,Push Notification,21.658890192258703
MAR-001014,VIS-0249,2024-01-16,Push Notification,8.117935394645219
MAR-001495,VIS-0354,2023-07-29,Retarget Ad,9.959712272431753
MAR-000503,VIS-0123,2024-05-18,Retarget Ad,5.3227998805523935
MAR-001193,VIS-0289,2023-08-01,Email,16.955868586338756
MAR-001377,VIS-0329,2023-07-20,Retarget Ad,2.8763860855211787
MAR-000406,VIS-0094,2023-06-02,Email,16.854806370210365
MAR-001629,VIS-0388,2024-01-03,SMS,2.7250276177461217
MAR-000692,VIS-0174,2024-05-16,Email,21.52722299000746
MAR-000199,VIS-0046,2023-12-05,Email,10.92509703257458
MAR-000775,VIS-0195,2023-09-19,Retarget Ad,12.253789495346634
MAR-001761,VIS-0418,2023-10-09,Retarget Ad,17.699474612764632
MAR-000149,VIS-0031,2024-04-27,Email,13.448756414467889
MAR-000921,VIS-0227,2024-01-15,Retarget Ad,7.3788009790703555
MAR-001361,VIS-0325,2023-10-15,Push Notification,11.646743809032198
MAR-000562,VIS-0141,2024-06-04,SMS,8.329862320456705
MAR-001720,VIS-0408,2024-05-05,SMS,20.63234845505105
MAR-000028,VIS-0007,2023-08-18,Retarget Ad,21.604574635979517
MAR-000408,VIS-0094,2023-07-26,Email,9.60544074322319
MAR-000814,VIS-0202,2023-11-09,Push Notification,20.801372818219534
MAR-000884,VIS-0219,2023-11-26,Retarget Ad,7.685988469450754
MAR-001464,VIS-0348,2024-05-10,Retarget Ad,15.726615122541766
MAR-001526,VIS-0363,2023-08-23,Email,1.8856716743117894
MAR-001187,VIS-0288,2023-11-02,Push Notification,9.54534720469006
MAR-001705,VIS-0404,2023-07-25,Email,23.837237846680075
MAR-001268,VIS-0307,2023-09-10,Push Notification,13.610687031966208
MAR-000635,VIS-0160,2023-07-17,SMS,13.806711600514035
MAR-000489,VIS-0118,2024-03-14,SMS,7.6018976117572405
MAR-001428,VIS-0339,2023-09-07,SMS,12.417895773561774
MAR-000683,VIS-0172,2023-12-18,Email,12.16508149832241
MAR-001624,VIS-0387,2023-12-31,Retarget Ad,3.543448476050173
MAR-000968,VIS-0240,2023-07-13,Retarget Ad,19.918632224025107
MAR-000391,VIS-0088,2024-03-11,Push Notification,4.166129442589078
MAR-000686,VIS-0173,2024-01-21,Retarget Ad,11.25826810526883
MAR-001817,VIS-0432,2023-10-06,Retarget Ad,17.082417676057926
MAR-001740,VIS-0413,2024-03-29,Retarget Ad,16.60549206153059
MAR-000109,VIS-0023,2024-05-13,Email,0.24818758925201934
MAR-000097,VIS-0021,2023-08-01,Email,11.552676312615327
MAR-000247,VIS-0054,2024-01-05,Retarget Ad,4.620784601710625
MAR-000826,VIS-0204,2023-12-24,SMS,8.239552638433183
MAR-000712,VIS-0178,2024-02-04,SMS,7.220778134316251
MAR-001072,VIS-0265,2023-08-20,Retarget Ad,10.545247156488744
MAR-000672,VIS-0169,2024-06-05,Email,19.98178747904495
MAR-000037,VIS-0008,2023-08-02,Push Notification,0.1
MAR-001689,VIS-0401,2024-06-11,SMS,14.140009629542192
MAR-001659,VIS-0394,2024-05-08,Email,1.4949795036163067
MAR-000045,VIS-0010,2023-09-24,Email,15.552888574008165
MAR-001715,VIS-0406,2024-05-16,Email,17.08610159452852
MAR-000870,VIS-0215,2024-06-15,SMS,25.896726659526518
MAR-000467,VIS-0111,2024-04-29,SMS,8.633401882815692
MAR-000757,VIS-0190,2023-09-17,Push Notification,19.018926507038763
MAR-001160,VIS-0283,2023-10-21,Push Notification,20.682000585592657
MAR-001779,VIS-0425,2024-05-19,SMS,10.811847936467442
MAR-000954,VIS-0237,2023-10-03,Email,5.23022040525416
MAR-000886,VIS-0219,2024-04-18,SMS,8.245129031643833
MAR-000398,VIS-0090,2024-01-14,SMS,0.1
MAR-000522,VIS-0130,2023-10-09,Email,11.912058791902192
MAR-000126,VIS-0026,2023-08-19,SMS,5.320242389832405
MAR-001333,VIS-0320,2023-09-02,Email,16.84254882856881
MAR-001091,VIS-0269,2024-01-28,Retarget Ad,9.53507132623635
MAR-001746,VIS-0414,2024-02-29,Push Notification,4.153693203261316
MAR-000604,VIS-0152,2024-01-13,Push Notification,15.70529051456069
MAR-001180,VIS-0287,2024-01-19,Push Notification,0.1
MAR-000577,VIS-0144,2024-06-14,Email,21.792165050229354
MAR-000664,VIS-0168,2023-07-15,SMS,18.388827925671613
MAR-000328,VIS-0074,2023-06-27,SMS,5.447790357076786
MAR-000353,VIS-0080,2023-10-15,Email,7.922236107912601
MAR-001188,VIS-0288,2024-06-19,Push Notification,1.391220145440359
MAR-000632,VIS-0160,2023-11-12,Push Notification,12.479238748684226
MAR-000130,VIS-0026,2023-10-25,Email,5.887252218302794
MAR-001499,VIS-0355,2024-05-20,SMS,1.3760152779432584
MAR-000233,VIS-0052,2023-08-22,SMS,
MAR-001637,VIS-0389,2023-06-23,Push Notification,18.382452287300875
MAR-000386,VIS-0087,2023-12-29,Push Notification,20.462945014454274
MAR-000249,VIS-0054,2024-06-22,Retarget Ad,0.39150129586045335
MAR-001810,VIS-0431,2023-12-10,Push Notification,19.236836774830373
MAR-001684,VIS-0401,2023-10-31,SMS,11.079112119031718
MAR-001394,VIS-0331,2024-04-26,SMS,0.1
MAR-000451,VIS-0108,2024-06-29,Retarget Ad,17.271809012214998
MAR-000520,VIS-0130,2024-06-22,Retarget Ad,12.23276095364133
MAR-001200,VIS-0290,2024-01-19,Push Notification,25.442230962665104
MAR-001477,VIS-0350,2024-01-09,Retarget Ad,10.400502136070898
MAR-001082,VIS-0266,2024-02-18,SMS,2.889273465698526
MAR-000594,VIS-0149,2023-12-14,Email,26.83350226692509
MAR-000116,VIS-0024,2024-01-22,Retarget Ad,7.128769504015802
MAR-001832,VIS-0436,2024-05-21,SMS,7.9783338397738675
MAR-001381,VIS-0329,2023-08-27,SMS,10.426103458858629
MAR-001743,VIS-0413,2023-07-07,Email,10.310400691013882
MAR-000450,VIS-0107,2023-08-29,SMS,6.881429459506935
MAR-001828,VIS-0436,2024-01-11,Retarget Ad,
MAR-001326,VIS-0319,2024-05-16,Retarget Ad,17.649234265208346
MAR-000626,VIS-0159,2023-09-11,Push Notification,8.827109639366721
MAR-001313,VIS-0316,2023-09-26,Push Notification,3.769155455028958
MAR-001462,VIS-0348,2023-09-06,Email,6.387065805933809
MAR-001665,VIS-0397,2024-04-09,Email,9.66387223330653
MAR-001133,VIS-0278,2023-08-17,Retarget Ad,5.859145302549367
MAR-001590,VIS-0379,2023-10-04,SMS,11.487158616063386
MAR-001214,VIS-0293,2024-01-28,Email,2.593324389204042
MAR-000923,VIS-0228,2024-06-16,Email,
MAR-000276,VIS-0060,2023-12-03,Push Notification,32.19714399306869
MAR-000326,VIS-0073,2023-12-11,Retarget Ad,
MAR-001102,VIS-0270,2024-02-09,SMS,6.485810339005196
MAR-001453,VIS-0345,2023-07-19,Push Notification,18.490031247217967
MAR-000049,VIS-0012,2023-10-24,Push Notification,23.091324343947665
MAR-001019,VIS-0250,2024-05-10,SMS,26.41424191715834
MAR-001208,VIS-0291,2023-12-21,Email,
MAR-000825,VIS-0204,2023-06-26,SMS,9.495238002396267
MAR-001584,VIS-0376,2024-04-19,Push Notification,4.838773323441476
MAR-000041,VIS-0009,2023-07-23,Push Notification,11.148673490676156
MAR-000835,VIS-0206,2023-10-04,Email,4.4805938863041
MAR-001196,VIS-0289,2024-05-14,Retarget Ad,18.743715666545363
MAR-001802,VIS-0430,2024-02-24,SMS,5.787115606617351
MAR-000458,VIS-0109,2023-07-01,Email,0.1
MAR-000069,VIS-0015,2024-04-11,Push Notification,10.058204223336272
MAR-000517,VIS-0128,2023-09-28,Retarget Ad,9.671976744610117
MAR-001456,VIS-0345,2024-01-29,Push Notification,15.11511415932821
MAR-000269,VIS-0059,2024-01-23,Push Notification,0.6871332272916479
MAR-001205,VIS-0291,2023-06-28,Retarget Ad,0.1
MAR-001114,VIS-0273,2024-02-05,Retarget Ad,19.30620716273685
MAR-000237,VIS-0052,2023-07-05,Email,13.420445415497664
MAR-000838,VIS-0206,2024-05-23,Push Notification,2.1806354853040917
MAR-000318,VIS-0072,2024-04-24,Retarget Ad,4.151417718400854
MAR-000736,VIS-0186,2023-07-14,Retarget Ad,20.68695765707315
MAR-001324,VIS-0318,2023-06-02,Retarget Ad,11.450731871990477
MAR-001447,VIS-0344,2023-08-07,Push Notification,14.880617001948842
MAR-000969,VIS-0240,2024-01-03,Push Notification,12.160179354233735
MAR-000496,VIS-0122,2024-03-29,SMS,4.686446920036717
MAR-000721,VIS-0180,2024-02-12,Retarget Ad,3.4124463210160227
MAR-001521,VIS-0362,2023-06-14,Retarget Ad,2.0856400198569394
MAR-001125,VIS-0276,2024-01-12,Email,0.1
MAR-001010,VIS-0248,2023-09-16,Email,12.593465827344275
MAR-001151,VIS-0281,2023-06-14,Email,6.418342340921896
MAR-000420,VIS-0097,2024-05-22,Push Notification,16.680247913835558
MAR-000817,VIS-0203,2023-12-07,Retarget Ad,19.89922801132808
MAR-000223,VIS-0050,2023-11-13,Push Notification,10.793459828733765
MAR-000912,VIS-0225,2024-03-28,Email,2.984581546716595
MAR-001814,VIS-0432,2024-02-11,Push Notification,13.07092022015555
MAR-001711,VIS-0406,2024-03-18,Retarget Ad,11.875051421075439
MAR-001345,VIS-0322,2023-12-29,Retarget Ad,7.316147898308753
MAR-000773,VIS-0195,2024-02-25,Push Notification,11.532562310953127
MAR-000590,VIS-0147,2024-05-24,Retarget Ad,23.905660036163283
MAR-000639,VIS-0162,2024-01-28,SMS,14.762037716268084
MAR-000296,VIS-0067,2024-01-26,SMS,3.3061237771032363
MAR-000675,VIS-0169,2024-05-19,Retarget Ad,17.466010979522103
MAR-000521,VIS-0130,2023-08-23,SMS,13.084107084070235
MAR-001273,VIS-0307,2023-12-13,Email,8.890421852554013
MAR-000107,VIS-0023,2023-08-15,Retarget Ad,11.248909024264096
MAR-001582,VIS-0376,2024-01-14,SMS,0.1
MAR-000709,VIS-0178,2023-08-22,Retarget Ad,7.613669789943906
MAR-001042,VIS-0257,2023-08-21,SMS,11.78071080937225
MAR-001304,VIS-0315,2023-08-05,SMS,4.485616729786122
MAR-000729,VIS-0185,2023-06-14,Email,6.156748387950316
MAR-001606,VIS-0384,2023-08-06,Push Notification,12.568514367967556
MAR-001641,VIS-0390,2024-01-15,Retarget Ad,11.726721264025024
MAR-000809,VIS-0202,2023-09-29,SMS,15.613977401498229
MAR-000257,VIS-0055,2023-11-19,SMS,0.1
MAR-000270,VIS-0059,2024-05-04,Email,6.461451164954512
MAR-000821,VIS-0203,2023-12-16,SMS,18.82613669775052
MAR-000379,VIS-0084,2024-04-08,Email,6.299527893977554
MAR-000710,VIS-0178,2023-06-07,Push Notification,0.1
MAR-000898,VIS-0221,2023-11-08,Email,0.1
MAR-001775,VIS-0423,2024-03-07,Retarget Ad,6.85605960349601
MAR-001423,VIS-0337,2023-06-22,Retarget Ad,13.472390283977596
MAR-000560,VIS-0141,2024-01-23,Retarget Ad,9.884743257130708
MAR-000804,VIS-0201,2023-12-11,Push Notification,10.095757975448446
MAR-001387,VIS-0330,2023-11-13,Retarget Ad,16.073366473763503
MAR-000084,VIS-0017,2023-09-29,SMS,14.236947164902606
MAR-001137,VIS-0278,2024-06-11,Push Notification,
MAR-001275,VIS-0307,2024-04-06,SMS,15.943087524609949
MAR-001325,VIS-0318,2023-07-08,Push Notification,12.390145560321887
MAR-000633,VIS-0160,2023-10-15,Email,16.729570353621845
MAR-000026,VIS-0007,2023-11-08,Email,10.12331752207455
MAR-000208,VIS-0047,2023-12-01,Push Notification,2.5569757688466823
MAR-000272,VIS-0059,2023-12-27,Push Notification,13.871199795216686
MAR-000268,VIS-0058,2023-12-31,Push Notification,2.4160673776760646
MAR-001186,VIS-0288,2023-09-02,Push Notification,9.557472278556482
MAR-001509,VIS-0360,2023-07-23,SMS,8.860586343259957
MAR-000958,VIS-0237,2024-04-08,Email,8.061115782724677
MAR-001671,VIS-0397,2023-07-20,Push Notification,0.1
MAR-000314,VIS-0071,2023-08-13,Push Notification,1.502411346721432
MAR-001436,VIS-0342,2023-12-29,Email,6.509398752014862
MAR-001371,VIS-0328,2024-05-14,Push Notification,0.1
MAR-000553,VIS-0140,2023-07-07,Push Notification,8.40101803450208
MAR-000943,VIS-0234,2023-12-25,Email,0.1
MAR-000572,VIS-0143,2024-06-21,Push Notification,15.378885559753524
MAR-001476,VIS-0350,2023-10-25,Retarget Ad,3.846157298237615
MAR-001150,VIS-0281,2023-08-10,Push Notification,7.555331276782533
MAR-000649,VIS-0164,2023-08-28,SMS,8.647337670143616
MAR-001076,VIS-0265,2023-10-24,SMS,6.864025052294224
MAR-000239,VIS-0053,2024-06-25,SMS,8.498040711297758
MAR-001234,VIS-0299,2023-10-05,Push Notification,4.671593837660988
MAR-001128,VIS-0277,2024-04-21,Email,9.602434137752478
MAR-001013,VIS-0249,2023-08-19,Push Notification,16.726031079751095
MAR-000811,VIS-0202,2024-05-31,SMS,11.317663195697378
MAR-001691,VIS-0402,2024-02-09,Push Notification,5.544306349230069
MAR-000687,VIS-0173,2024-03-28,SMS,1.5467025000627461
MAR-001713,VIS-0406,2023-06-21,Push Notification,14.506641454146692
MAR-000787,VIS-0198,2023-06-11,Retarget Ad,17.988577175863767
MAR-000861,VIS-0211,2023-09-17,Push Notification,21.87270400628177
MAR-000372,VIS-0083,2024-05-21,Push Notification,18.148984748260602
MAR-001332,VIS-0320,2023-07-11,SMS,17.205436779224904
MAR-000002,VIS-0002,2023-06-14,SMS,23.713343429491964
MAR-000012,VIS-0005,2023-11-02,Email,8.643509134177886
MAR-000170,VIS-0037,2023-07-03,SMS,6.556810854986147
MAR-000723,VIS-0181,2024-04-17,Email,32.9670841635019
MAR-001120,VIS-0274,2023-11-08,SMS,8.889360987243318
MAR-001236,VIS-0299,2024-04-21,Email,0.6764987169917531
MAR-000159,VIS-0034,2024-04-27,Retarget Ad,11.79601963538422
MAR-000367,VIS-0082,2024-03-14,Email,10.010955399460558
MAR-001622,VIS-0386,2023-09-23,Retarget Ad,13.406210496789637
MAR-000936,VIS-0231,2023-11-16,Retarget Ad,17.060339339923708
MAR-000542,VIS-0135,2023-09-20,SMS,0.1
MAR-000394,VIS-0089,2024-06-13,Push Notification,14.789021531533736
MAR-000842,VIS-0208,2024-02-26,Retarget Ad,1.6565235351557064
MAR-001083,VIS-0266,2024-06-06,Email,19.196432502833492
MAR-001745,VIS-0414,2023-12-22,Retarget Ad,4.089628228351249
MAR-001821,VIS-0434,2023-07-27,Retarget Ad,15.616489491206835
MAR-001774,VIS-0423,2023-12-12,SMS,9.959749487426647
MAR-001522,VIS-0362,2023-06-13,Retarget Ad,0.1
MAR-001457,VIS-0346,2024-03-14,Retarget Ad,9.107270444166808
MAR-001723,VIS-0408,2023-12-26,Retarget Ad,15.608296869239908
MAR-001481,VIS-0351,2024-03-14,SMS,17.807440201455154
MAR-000316,VIS-0072,2024-01-08,Email,3.5575235664442006
MAR-001395,VIS-0331,2023-12-17,SMS,0.1
MAR-001439,VIS-0342,2024-02-02,SMS,9.289209376922233
MAR-001028,VIS-0251,2024-05-16,SMS,6.066338138361804
MAR-001670,VIS-0397,2023-10-02,Push Notification,9.248293112445511
MAR-000289,VIS-0065,2023-11-30,Push Notification,17.05689141925127
MAR-001611,VIS-0384,2023-12-03,Push Notification,12.02826314638449
MAR-000630,VIS-0160,2023-10-15,Retarget Ad,10.669435702321104
MAR-000238,VIS-0052,2023-12-25,Email,15.517991623063919
MAR-000332,VIS-0075,2023-07-05,Push Notification,5.404920964533399
MAR-001352,VIS-0323,2023-06-18,Retarget Ad,0.1
MAR-001585,VIS-0377,2024-05-06,SMS,9.917548847294665
MAR-001107,VIS-0272,2023-08-14,Email,19.786001591743418
MAR-000780,VIS-0197,2024-04-07,SMS,12.780494943309272
MAR-000048,VIS-0011,2024-04-10,Email,0.8848496471365923
MAR-001243,VIS-0300,2023-11-20,Push Notification,13.742268952659515
MAR-001727,VIS-0408,2024-04-21,Push Notification,6.980739346551547
MAR-001703,VIS-0404,2024-04-24,Retarget Ad,9.502706089372765
MAR-001748,VIS-0415,2023-11-28,Retarget Ad,11.554494198689149
MAR-001574,VIS-0374,2024-06-15,Push Notification,6.0904257849935455
MAR-001104,VIS-0270,2024-05-24,Push Notification,7.973164348735579
MAR-000397,VIS-0089,2024-01-25,Email,9.831836526220574
MAR-001497,VIS-0354,2023-07-03,Push Notification,15.338508793058583
MAR-001673,VIS-0398,2023-12-09,Email,3.61153238369398
MAR-000816,VIS-0202,2023-11-01,SMS,19.50042653364856
MAR-000482,VIS-0117,2024-04-15,Retarget Ad,15.938103724075482
MAR-001583,VIS-0376,2023-12-08,Push Notification,5.235252533982705
MAR-001528,VIS-0363,2023-07-30,Email,8.98749007277021
MAR-001295,VIS-0313,2024-06-22,Retarget Ad,14.396608882456617
MAR-000551,VIS-0137,2024-03-21,SMS,15.74652273219415
MAR-000304,VIS-0068,2023-12-15,Push Notification,1.8468793955406575
MAR-001170,VIS-0286,2024-06-29,Push Notification,2.201295315542412
MAR-000092,VIS-0020,2024-06-12,Email,6.877163610136547
MAR-001822,VIS-0434,2024-04-21,SMS,5.7348746703682725
MAR-001129,VIS-0277,2024-04-28,Email,0.7392451676602949
MAR-000260,VIS-0057,2024-04-21,Retarget Ad,0.1
MAR-001612,VIS-0384,2023-11-10,Push Notification,16.45203306322801
MAR-000532,VIS-0132,2023-09-19,Email,17.740754923161976
MAR-000215,VIS-0048,2024-02-25,Push Notification,17.279574514487415
MAR-001626,VIS-0388,2024-02-19,Email,5.207342990384165
MAR-000579,VIS-0145,2023-12-03,Retarget Ad,0.22761122505722486
MAR-001564,VIS-0372,2023-10-12,Email,0.1
MAR-001061,VIS-0263,2024-06-11,Retarget Ad,4.247473445607136
MAR-000909,VIS-0224,2023-07-16,Push Notification,
MAR-001773,VIS-0423,2024-04-06,Retarget Ad,4.798090826729054
MAR-001623,VIS-0387,2023-12-14,Email,8.757839839782644
MAR-001231,VIS-0299,2024-03-17,Retarget Ad,4.4898525382627
MAR-001752,VIS-0416,2024-06-12,Retarget Ad,7.380368819865944
MAR-001070,VIS-0264,2024-06-23,Email,17.070241501168855
MAR-001829,VIS-0436,2023-10-24,Retarget Ad,17.589344743788775
MAR-000810,VIS-0202,2024-02-13,Email,20.98117097436369
MAR-001073,VIS-0265,2024-05-31,SMS,12.699366157153289
MAR-000648,VIS-0164,2024-01-20,SMS,22.721313662651667
MAR-001721,VIS-0408,2024-02-27,SMS,13.690050050452847
MAR-000567,VIS-0142,2023-12-07,SMS,22.104686968222033
MAR-001112,VIS-0272,2024-03-31,Email,15.877749592741413
MAR-001430,VIS-0339,2024-05-03,SMS,
MAR-000638,VIS-0161,2024-01-19,Push Notification,8.01196350307456
MAR-001031,VIS-0253,2023-08-15,SMS,
MAR-000971,VIS-0240,2024-04-11,SMS,13.68079760793272
MAR-000973,VIS-0241,2023-06-27,SMS,25.48461172321482
MAR-000529,VIS-0131,2023-07-29,Push Notification,0.1
MAR-000051,VIS-0012,2023-09-19,Retarget Ad,21.88658316038924
MAR-001650,VIS-0392,2023-09-24,SMS,11.354132027230737
MAR-000613,VIS-0155,2023-09-14,Email,11.413882010127256
MAR-001739,VIS-0413,2024-03-26,SMS,13.262358392699422
MAR-001549,VIS-0369,2024-01-22,Email,9.428669915198654
MAR-001640,VIS-0390,2023-08-22,Push Notification,17.73487267938361
MAR-000191,VIS-0044,2024-03-19,Retarget Ad,16.617571385642332
MAR-001501,VIS-0356,2023-09-06,Push Notification,17.21553056505862
MAR-000724,VIS-0181,2023-08-17,Push Notification,22.922048199975652
MAR-000866,VIS-0213,2024-06-20,Push Notification,6.457355481549904
MAR-001367,VIS-0327,2023-07-10,Email,5.269167634928172
MAR-001593,VIS-0381,2023-07-22,Retarget Ad,13.039604169956046
MAR-001545,VIS-0369,2023-08-28,Email,12.625355361878741
MAR-001555,VIS-0370,2023-09-19,Email,0.1
MAR-000984,VIS-0244,2023-12-09,Retarget Ad,5.916482395309607
MAR-001163,VIS-0285,2024-04-12,Retarget Ad,13.471554720649582
MAR-000904,VIS-0222,2023-11-07,Email,13.647475205150812
MAR-001303,VIS-0315,2023-12-10,Retarget Ad,13.253821408065065
MAR-000510,VIS-0126,2023-12-14,Retarget Ad,9.928762843711205
MAR-000359,VIS-0080,2023-10-29,Retarget Ad,17.890307452159224
MAR-001820,VIS-0433,2024-01-26,SMS,24.796064447041207
MAR-000457,VIS-0109,2023-08-27,Email,3.103888109429999
MAR-000138,VIS-0029,2023-07-02,Email,20.262250626709474
MAR-000655,VIS-0165,2023-08-21,Retarget Ad,4.623169562469034
MAR-000062,VIS-0013,2024-06-11,Email,0.1
MAR-001075,VIS-0265,2024-03-10,SMS,9.3606059353558
MAR-000242,VIS-0054,2024-03-22,Push Notification,1.8718543203889249
MAR-001473,VIS-0349,2024-02-17,SMS,12.998959622424655
MAR-000753,VIS-0190,2024-06-08,Email,6.937408333615904
MAR-001833,VIS-0436,2024-04-18,SMS,16.840302481674627
MAR-001223,VIS-0294,2024-05-22,Retarget Ad,0.1
MAR-001607,VIS-0384,2023-09-18,Retarget Ad,10.668870342707166
MAR-000273,VIS-0059,2023-07-26,Push Notification,0.39586053930983756
MAR-001389,VIS-0331,2024-05-17,Email,2.5696737589848357
MAR-000531,VIS-0132,2024-06-05,Email,24.216742519534694
MAR-001116,VIS-0274,2023-12-15,Retarget Ad,14.120456132387147
MAR-000836,VIS-0206,2024-06-08,Retarget Ad,3.0553222092438186
MAR-001167,VIS-0286,2024-02-11,Push Notification,7.070305697828269
MAR-001161,VIS-0284,2024-03-12,SMS,16.40415077533325
MAR-000423,VIS-0098,2024-04-04,Push Notification,4.6171696315763056
MAR-000091,VIS-0020,2023-06-17,Retarget Ad,9.89654581375702
MAR-000497,VIS-0122,2023-09-07,SMS,1.7070122776684737
MAR-000479,VIS-0117,2023-10-28,SMS,17.468145489294855
MAR-000243,VIS-0054,2024-05-14,SMS,5.463005247791942
MAR-001597,VIS-0381,2023-06-10,SMS,11.134319294978576
MAR-001722,VIS-0408,2024-03-13,Email,14.159879510272523
MAR-001318,VIS-0318,2024-01-17,Email,13.86977800039261
MAR-000956,VIS-0237,2024-01-08,Push Notification,9.90176911199403
MAR-000735,VIS-0186,2024-06-01,SMS,8.696479866428298
MAR-000172,VIS-0038,2023-12-26,Email,17.76300166990292
MAR-001725,VIS-0408,2024-04-15,Push Notification,14.096206330097962
MAR-001539,VIS-0367,2023-11-01,Push Notification,2.9933397869628435
MAR-000090,VIS-0020,2023-10-27,Push Notification,7.074694499717034
MAR-001084,VIS-0266,2023-11-09,Retarget Ad,17.157478207019373
MAR-001224,VIS-0294,2023-07-05,Push Notification,0.1
MAR-001049,VIS-0259,2024-04-27,Push Notification,2.172274006233545
MAR-000946,VIS-0235,2023-07-22,Email,3.4740089873871174
MAR-000083,VIS-0017,2023-07-22,Retarget Ad,18.24189300658241
MAR-001184,VIS-0288,2024-06-27,Email,6.634129564665037
MAR-000352,VIS-0079,2023-08-05,Email,24.150641475046044
MAR-000384,VIS-0086,2023-06-26,Email,11.981811265415125
MAR-000477,VIS-0116,2023-09-09,Push Notification,3.8155726930157394
MAR-000796,VIS-0199,2024-06-15,Retarget Ad,13.018592151788054
MAR-000287,VIS-0065,2023-07-11,Retarget Ad,2.6314968687731977
MAR-000022,VIS-0006,2024-04-15,Push Notification,11.528003461612556
MAR-000190,VIS-0044,2024-03-06,SMS,9.97779543761544
MAR-000525,VIS-0130,2024-03-12,Email,16.60371452783732
MAR-001787,VIS-0427,2024-04-19,Email,9.844715250168646
MAR-001194,VIS-0289,2023-09-06,Email,10.49951085021118
MAR-001513,VIS-0360,2023-10-18,Push Notification,17.705094180745476
MAR-001040,VIS-0255,2024-03-19,Push Notification,18.83403239582623
MAR-001484,VIS-0351,2023-07-21,Retarget Ad,19.06845469820619
MAR-000057,VIS-0013,2024-06-03,Retarget Ad,0.1
MAR-001700,VIS-0404,2023-07-13,Email,8.409937237991814
MAR-000728,VIS-0182,2024-01-12,Email,9.622339329269796
MAR-000323,VIS-0073,2023-12-15,Email,3.5452265487196373
MAR-001217,VIS-0293,2023-06-08,Retarget Ad,2.6539801697865055
MAR-000964,VIS-0239,2024-05-17,Email,21.301294398283574
MAR-001174,VIS-0286,2023-11-20,Email,5.212601636973802
MAR-000105,VIS-0023,2023-08-03,Push Notification,0.1
MAR-001485,VIS-0351,2024-06-27,Email,21.540299489407065
MAR-000663,VIS-0167,2023-06-01,Push Notification,0.1
MAR-000566,VIS-0142,2024-05-10,SMS,25.15930157947011
MAR-000584,VIS-0146,2023-08-25,Retarget Ad,7.3241192704615035
MAR-001265,VIS-0306,2023-06-28,Push Notification,0.24006384337835307
MAR-000794,VIS-0199,2024-02-06,Push Notification,0.9571741631174469
MAR-001288,VIS-0312,2024-06-05,SMS,0.1
MAR-000908,VIS-0224,2023-06-17,Retarget Ad,0.1
MAR-001762,VIS-0419,2023-12-21,SMS,15.804462688948071
MAR-000193,VIS-0044,2024-03-28,Push Notification,9.574604583308592
MAR-000435,VIS-0101,2024-05-17,Push Notification,12.45151366158672
MAR-000582,VIS-0145,2023-09-29,Email,9.232634634396051
MAR-001594,VIS-0381,2024-03-14,Retarget Ad,9.238109045128681
MAR-001415,VIS-0335,2023-08-07,Retarget Ad,12.430931399946092
MAR-001575,VIS-0374,2023-06-28,Push Notification,9.21888428220128
MAR-001364,VIS-0327,2024-05-29,Email,8.166020756383714
MAR-000341,VIS-0078,2023-09-10,Push Notification,10.416936738445429
MAR-000035,VIS-0008,2023-06-10,Push Notification,6.68798879605658
MAR-001062,VIS-0263,2023-06-22,Push Notification,1.0430139483347647
MAR-001277,VIS-0309,2023-10-05,Email,10.981573033236707
MAR-001422,VIS-0336,2023-11-13,Retarget Ad,
MAR-001216,VIS-0293,2024-01-19,Retarget Ad,5.68068109129276
MAR-000874,VIS-0217,2024-04-12,Retarget Ad,8.786464212244447
MAR-001588,VIS-0377,2023-11-14,SMS,11.073839203352414
MAR-000847,VIS-0209,2024-05-20,Email,19.20007603605473
MAR-000903,VIS-0222,2024-05-13,Push Notification,14.398199632280344
MAR-000308,VIS-0070,2023-06-25,Push Notification,10.124358412849817
MAR-000641,VIS-0162,2023-06-12,Push Notification,16.1366534412435
MAR-000993,VIS-0246,2024-04-26,Retarget Ad,9.484548956796106
MAR-000895,VIS-0220,2023-06-23,Retarget Ad,7.69128882181188
MAR-000310,VIS-0070,2023-09-21,SMS,12.317432182510904
MAR-001768,VIS-0421,2023-12-05,Email,3.993723596845764
MAR-001009,VIS-0248,2024-03-08,SMS,13.2226518665159
MAR-000285,VIS-0062,2023-06-10,SMS,8.363239350852323
MAR-000676,VIS-0170,2023-07-25,Email,7.002793582766058
MAR-001350,VIS-0323,2023-11-08,SMS,0.1
MAR-001831,VIS-0436,2024-06-03,Retarget Ad,17.70014360834595
MAR-000009,VIS-0004,2023-12-31,Email,
MAR-000346,VIS-0078,2024-04-30,Retarget Ad,11.054008198245672
MAR-001444,VIS-0343,2023-06-25,SMS,16.151223893182873
MAR-000147,VIS-0031,2023-11-04,Push Notification,14.636327068804608
MAR-000708,VIS-0178,2023-09-10,SMS,3.742830977314443
MAR-001664,VIS-0396,2023-10-22,Email,0.1
MAR-001446,VIS-0344,2024-03-09,Push Notification,15.87711872417883
MAR-000875,VIS-0217,2023-12-16,SMS,13.325458337510112
MAR-001154,VIS-0282,2023-12-05,Retarget Ad,17.18061289487348
MAR-000853,VIS-0210,2023-07-11,Retarget Ad,9.518763660465405
MAR-001589,VIS-0379,2024-04-16,Retarget Ad,18.232970096116595
MAR-000187,VIS-0043,2023-11-23,Email,15.719778104605622
MAR-000913,VIS-0225,2024-05-01,Push Notification,14.420029990174148
MAR-001119,VIS-0274,2024-05-24,SMS,10.508397387066298
MAR-000829,VIS-0205,2024-01-24,SMS,12.881097634854264
MAR-000662,VIS-0167,2023-08-06,Retarget Ad,0.1
MAR-000822,VIS-0203,2023-12-08,Push Notification,16.098023880509118
MAR-001139,VIS-0279,2024-02-27,Push Notification,6.673815880535599
MAR-001735,VIS-0412,2023-12-07,Retarget Ad,9.115292439671038
MAR-000696,VIS-0175,2023-08-27,Email,9.721464056161416
MAR-000784,VIS-0198,2024-03-06,SMS,14.96539730665327
MAR-000618,VIS-0156,2024-06-12,Push Notification,2.054426545834148
MAR-001229,VIS-0297,2024-01-23,Email,4.885257830048704
MAR-000015,VIS-0005,2023-06-26,Retarget Ad,7.6613883163400835
MAR-001506,VIS-0358,2024-01-28,SMS,18.702002499401594
MAR-000749,VIS-0188,2024-04-18,Push Notification,15.884827619830915
MAR-000998,VIS-0246,2024-02-03,Push Notification,12.072791037212815
MAR-000985,VIS-0244,2024-01-20,Push Notification,10.34259199140159
MAR-001386,VIS-0330,2023-09-13,Retarget Ad,9.868056860544204
MAR-001027,VIS-0251,2023-06-24,Push Notification,
MAR-001088,VIS-0267,2023-10-29,Push Notification,2.6419197240241594
MAR-001618,VIS-0386,2023-09-23,Email,18.500909766563193
MAR-000224,VIS-0051,2024-06-21,Retarget Ad,13.062245802551097
MAR-001500,VIS-0356,2023-07-24,SMS,11.549450380373505
MAR-000598,VIS-0150,2024-02-17,Push Notification,7.3208755234357685
MAR-001253,VIS-0302,2023-07-11,Push Notification,28.081596201627132
MAR-001250,VIS-0302,2023-12-04,Email,19.78427808901336
MAR-000719,VIS-0180,2024-02-02,Email,
MAR-001190,VIS-0289,2023-09-17,Push Notification,10.294194770280304
MAR-001297,VIS-0313,2023-08-29,Retarget Ad,10.054176492313493
MAR-000050,VIS-0012,2024-05-21,Push Notification,27.883857411182962
MAR-001694,VIS-0402,2024-05-29,Retarget Ad,0.1
MAR-000279,VIS-0062,2024-05-26,SMS,10.7490974576091
MAR-001435,VIS-0341,2024-01-04,Push Notification,11.001424097278226
MAR-001034,VIS-0254,2024-01-27,Retarget Ad,25.888651349725137
MAR-001795,VIS-0428,2023-09-24,Email,7.7934605810174595
MAR-000095,VIS-0020,2024-03-02,Push Notification,19.884596859050454
MAR-000463,VIS-0111,2023-11-16,SMS,3.864390715466909
MAR-000368,VIS-0082,2024-03-16,Email,
MAR-000918,VIS-0227,2023-08-17,Retarget Ad,0.1
MAR-001178,VIS-0287,2023-06-23,Email,7.115407626625084
MAR-000227,VIS-0051,2023-09-09,Retarget Ad,3.8196359209163084
MAR-000171,VIS-0038,2023-12-16,SMS,22.19991099752372
MAR-000670,VIS-0169,2024-02-01,Retarget Ad,15.957831901727545
MAR-000025,VIS-0007,2024-06-07,SMS,10.557867982300438
MAR-001115,VIS-0273,2024-05-16,Push Notification,21.15327210253897
MAR-001791,VIS-0428,2023-06-03,Push Notification,8.851669942664184
MAR-001433,VIS-0341,2023-06-06,Retarget Ad,8.728263459411576
MAR-000413,VIS-0095,2023-08-15,SMS,11.437296669089466
MAR-000975,VIS-0243,2023-07-03,Retarget Ad,10.444780932959912
MAR-001195,VIS-0289,2023-11-05,Retarget Ad,5.457937741156011
MAR-000438,VIS-0104,2024-05-13,Retarget Ad,22.589877310307813
MAR-000117,VIS-0024,2024-03-13,Email,8.93452441155053
MAR-001064,VIS-0263,2024-01-08,SMS,8.841186310141666
MAR-001166,VIS-0285,2024-01-06,Retarget Ad,7.467608947147667
MAR-000830,VIS-0205,2023-10-06,Email,15.472694853170601
MAR-000568,VIS-0142,2024-03-25,Email,9.689421003229818
MAR-000152,VIS-0032,2024-03-29,Email,7.364564023097912
MAR-000559,VIS-0141,2024-01-02,SMS,13.867699283015453
MAR-001812,VIS-0431,2024-05-18,Email,15.707957477694109
MAR-000977,VIS-0243,2024-05-19,Retarget Ad,17.232913253602756
MAR-000081,VIS-0017,2024-06-12,Retarget Ad,20.77115266637997
MAR-000888,VIS-0219,2024-01-11,Email,5.767914892786719
MAR-000073,VIS-0015,2024-02-13,Push Notification,0.1
MAR-000393,VIS-0088,2023-11-22,Email,0.1
MAR-001328,VIS-0319,2024-03-24,Push Notification,20.58016543696329
MAR-000982,VIS-0244,2023-09-28,SMS,8.960353714553124
MAR-001824,VIS-0434,2023-10-12,Retarget Ad,12.174172694047106
MAR-000781,VIS-0197,2023-06-29,SMS,26.3705905634835
MAR-000646,VIS-0164,2023-11-03,Push Notification,5.55572793729205
MAR-001023,VIS-0251,2023-10-22,Email,
MAR-001262,VIS-0305,2023-11-07,Email,6.8976358797237305
MAR-000758,VIS-0190,2024-01-21,SMS,20.88891157217172
MAR-000495,VIS-0121,2023-11-03,Push Notification,4.70705369836419
MAR-001529,VIS-0365,2023-08-06,SMS,15.266708933483834
MAR-000839,VIS-0206,2024-03-22,Push Notification,2.206980811515214
MAR-001647,VIS-0391,2024-01-31,Email,3.1008445885431546
MAR-000536,VIS-0134,2023-06-27,Email,24.960247648340204
MAR-000355,VIS-0080,2024-04-22,Push Notification,23.917583290829782
MAR-001069,VIS-0264,2023-07-25,SMS,13.265032452174982
MAR-001556,VIS-0371,2023-06-12,Email,1.0761884609260544
MAR-000100,VIS-0022,2024-06-29,SMS,17.475653130510445
MAR-001388,VIS-0330,2023-06-22,Push Notification,12.411544994032333
MAR-000617,VIS-0156,2024-05-14,SMS,7.2079062870656205
MAR-001783,VIS-0425,2023-08-27,SMS,11.949917005601026
MAR-001459,VIS-0347,2023-09-27,Push Notification,14.860006730966594
MAR-001405,VIS-0333,2024-02-15,Push Notification,11.019863128981992
MAR-000653,VIS-0165,2023-12-10,Email,3.12631408642127
MAR-000405,VIS-0094,2023-11-17,Push Notification,12.24955842120633
MAR-001055,VIS-0260,2024-06-20,Push Notification,10.146997044523644
MAR-001565,VIS-0372,2023-08-22,Email,
MAR-000198,VIS-0045,2023-12-31,Email,7.000459700212436
MAR-000890,VIS-0220,2024-04-15,Email,15.378528344739305
MAR-001733,VIS-0411,2023-11-17,Email,3.4475334913042524
MAR-000806,VIS-0201,2024-03-23,SMS,
MAR-000680,VIS-0171,2024-04-29,Email,8.720131524961023
MAR-000791,VIS-0199,2023-08-11,Push Notification,10.082398660802578
MAR-000271,VIS-0059,2024-05-19,Push Notification,6.258092100145937
MAR-000573,VIS-0144,2023-08-07,SMS,25.922196396691724
MAR-001001,VIS-0247,2023-08-12,Push Notification,7.563150682824623
MAR-000024,VIS-0007,2024-06-22,SMS,21.686259729042014
MAR-000607,VIS-0154,2024-01-14,Push Notification,0.1
MAR-000864,VIS-0212,2024-01-28,Push Notification,0.11475751590672623
MAR-000625,VIS-0159,2023-11-05,Email,11.36211968001065
MAR-000734,VIS-0185,2024-06-06,Retarget Ad,11.238728724458177
MAR-001356,VIS-0324,2023-10-06,Retarget Ad,9.569578967565654
MAR-000565,VIS-0142,2023-06-23,Retarget Ad,24.261194680920326
MAR-001799,VIS-0429,2023-09-23,Retarget Ad,18.605407063076814
MAR-000382,VIS-0085,2023-06-10,Push Notification,7.081816128059483
MAR-000746,VIS-0188,2024-02-12,SMS,18.229979137832487
MAR-001475,VIS-0350,2023-09-15,Push Notification,11.053383564075824
MAR-001103,VIS-0270,2023-08-21,Push Notification,15.590463324842672
MAR-001020,VIS-0250,2024-03-31,SMS,33.295191076780874
MAR-001263,VIS-0305,2023-11-21,Retarget Ad,3.0987102904307395
MAR-000772,VIS-0194,2023-09-16,Retarget Ad,24.216458062883582
MAR-001338,VIS-0321,2023-08-03,Push Notification,1.50965309861445
MAR-000204,VIS-0046,2024-02-03,Email,15.911718787214523
MAR-000297,VIS-0067,2023-08-07,Retarget Ad,
MAR-000441,VIS-0104,2024-04-14,Email,11.516365391471174
MAR-001562,VIS-0371,2023-12-12,Email,4.301149184114573
MAR-000769,VIS-0194,2024-02-08,Email,23.6522834340388
MAR-000491,VIS-0118,2023-08-04,Push Notification,2.068485969958914
MAR-000924,VIS-0228,2024-03-11,Push Notification,12.351086864394759
MAR-000668,VIS-0168,2023-06-12,SMS,10.948559328215266
MAR-001568,VIS-0373,2023-09-24,Push Notification,16.017358521787905
MAR-000373,VIS-0083,2023-09-16,Email,17.35067800902025
MAR-001643,VIS-0390,2023-09-13,SMS,13.658914694973264
MAR-000704,VIS-0176,2024-01-11,SMS,19.69865398452857
MAR-001056,VIS-0260,2023-10-07,Email,13.017533231795241
MAR-000498,VIS-0122,2023-07-28,SMS,16.97754873083375
MAR-001228,VIS-0297,2024-04-11,Push Notification,4.330555245451567
MAR-001636,VIS-0389,2023-06-18,Retarget Ad,10.60921648141919
MAR-001452,VIS-0344,2023-11-17,Push Notification,9.248285358056723
MAR-000093,VIS-0020,2024-06-18,Push Notification,8.58675783246296
MAR-000715,VIS-0179,2023-09-10,Retarget Ad,5.334432635532863
MAR-000342,VIS-0078,2024-06-20,Retarget Ad,8.280370632971282
MAR-000111,VIS-0024,2023-10-28,Push Notification,9.302053381989223
MAR-000882,VIS-0218,2023-09-16,Email,8.89799938813737
MAR-001373,VIS-0328,2023-09-11,SMS,0.1
MAR-000453,VIS-0108,2024-03-04,Push Notification,18.35753660910294
MAR-000253,VIS-0055,2024-05-03,SMS,0.1
MAR-000031,VIS-0008,2024-06-20,Push Notification,2.330652709796412
MAR-000096,VIS-0021,2024-04-22,SMS,18.711905215109933
MAR-001425,VIS-0338,2023-07-19,SMS,0.1
MAR-001409,VIS-0335,2023-11-20,Push Notification,4.869068477076952
MAR-001015,VIS-0249,2024-04-03,Email,0.7670759979451294
MAR-001627,VIS-0388,2023-11-20,Email,6.408061126941591
MAR-000020,VIS-0006,2023-07-12,Push Notification,12.553228325521593
MAR-001343,VIS-0322,2023-09-01,Retarget Ad,17.751686189141093
MAR-001003,VIS-0247,2024-04-07,Push Notification,0.1
MAR-001099,VIS-0270,2024-02-21,SMS,13.01239503135554
MAR-000834,VIS-0206,2024-06-13,Email,6.045012896377897
MAR-001662,VIS-0395,2023-09-21,Email,0.1
MAR-000470,VIS-0113,2023-07-26,SMS,6.924684482455396
MAR-001566,VIS-0372,2023-09-27,Push Notification,2.927802399310745
MAR-000885,VIS-0219,2023-09-12,SMS,10.968629550373173
MAR-000010,VIS-0005,2023-11-12,SMS,14.493533371972237
MAR-001213,VIS-0293,2024-06-06,Push Notification,1.788757677031524
MAR-000612,VIS-0155,2024-06-07,Retarget Ad,5.676037163253328
MAR-000942,VIS-0233,2023-11-25,Push Notification,10.839950686500167
MAR-000750,VIS-0188,2024-04-25,SMS,23.78622389845581
MAR-000098,VIS-0021,2023-09-18,Push Notification,9.679120034367095
MAR-001100,VIS-0270,2023-11-18,SMS,13.121386017104305
MAR-001039,VIS-0255,2023-07-30,SMS,12.388463706498158
MAR-000827,VIS-0204,2023-10-20,Push Notification,9.568681524982745
MAR-000843,VIS-0208,2023-12-02,Retarget Ad,0.1
MAR-001657,VIS-0394,2024-03-29,Email,7.963449457586702
MAR-001815,VIS-0432,2024-05-28,Retarget Ad,10.262708901553843
MAR-000813,VIS-0202,2023-07-22,Email,28.31673884574138
MAR-001759,VIS-0418,2024-05-06,Retarget Ad,2.7044661856813583
MAR-000414,VIS-0096,2023-09-14,SMS,7.960803320580206
MAR-000871,VIS-0215,2023-08-08,Push Notification,18.404554599737335
MAR-000375,VIS-0083,2023-12-13,Retarget Ad,20.638530631827273
MAR-000684,VIS-0173,2024-01-02,Email,0.1
MAR-000447,VIS-0107,2024-03-09,Push Notification,0.1
MAR-000080,VIS-0017,2023-07-10,Email,17.72998173727278
MAR-000688,VIS-0173,2023-06-23,SMS,6.563176192494575
MAR-001644,VIS-0390,2023-07-10,SMS,24.539696046248892
MAR-000733,VIS-0185,2023-12-27,Push Notification,0.1
MAR-001117,VIS-0274,2023-08-06,Email,16.272037475778045
MAR-000778,VIS-0196,2023-12-05,Email,13.185182341945726
MAR-001153,VIS-0282,2024-05-12,Push Notification,13.468086782446548
MAR-000855,VIS-0211,2023-08-23,Retarget Ad,11.407806968728401
MAR-000915,VIS-0226,2024-05-05,Retarget Ad,13.481071600085546
MAR-000697,VIS-0175,2024-06-18,SMS,9.801981355526815
MAR-000102,VIS-0023,2023-11-30,Retarget Ad,12.004528243263108
MAR-001598,VIS-0382,2023-12-23,Retarget Ad,4.103910282960802
MAR-000852,VIS-0210,2024-04-27,Email,8.615613019066974
MAR-001289,VIS-0312,2024-01-19,Retarget Ad,0.1
MAR-000262,VIS-0057,2023-09-03,Email,0.1
MAR-000609,VIS-0154,2024-02-20,SMS,0.1
MAR-000362,VIS-0081,2023-07-19,SMS,3.7368050320762216
MAR-000528,VIS-0131,2024-06-24,Retarget Ad,0.1
MAR-000381,VIS-0085,2024-02-29,SMS,8.146687064913428
MAR-000063,VIS-0014,2023-09-08,SMS,1.2960881139786604
MAR-001337,VIS-0321,2024-02-16,SMS,0.6104044967863049
MAR-000303,VIS-0068,2024-01-17,Push Notification,2.743866767520917
MAR-000240,VIS-0053,2023-09-26,SMS,
MAR-001053,VIS-0260,2024-05-27,Email,22.159911514035386
MAR-001827,VIS-0435,2023-06-27,SMS,0.1
MAR-001487,VIS-0353,2024-01-13,Retarget Ad,13.249097473172496
MAR-001531,VIS-0365,2024-05-24,Email,18.19350292950297
MAR-001603,VIS-0382,2023-06-21,SMS,6.221350302616697
MAR-001203,VIS-0290,2023-11-13,Retarget Ad,28.343287006118082
MAR-000571,VIS-0143,2023-10-10,Retarget Ad,14.066070929351202
MAR-001604,VIS-0382,2023-08-08,Retarget Ad,5.587896935633006
MAR-000378,VIS-0083,2023-12-22,Email,24.983984435542574
MAR-001524,VIS-0362,2023-08-10,Retarget Ad,0.9307968604450165
MAR-000732,VIS-0185,2024-01-28,Push Notification,5.2465889104867465
MAR-001586,VIS-0377,2024-02-08,Retarget Ad,7.234343683730788
MAR-000717,VIS-0180,2024-02-17,Retarget Ad,5.507727020999191
MAR-001123,VIS-0276,2023-06-06,Email,0.1
MAR-000854,VIS-0210,2023-12-30,SMS,15.054097723471493
MAR-000990,VIS-0245,2023-12-19,Email,0.1
MAR-000046,VIS-0010,2023-08-11,Email,15.03414166106092
MAR-001016,VIS-0249,2024-06-03,Email,0.8469717330840147
MAR-001050,VIS-0259,2023-12-09,Email,6.977182940429639
MAR-000644,VIS-0163,2023-12-28,Email,6.264906005310134
MAR-000183,VIS-0041,2023-11-16,Email,11.312451470876415
MAR-000953,VIS-0236,2024-06-22,SMS,1.3634251740089791
MAR-000421,VIS-0098,2023-12-26,Email,6.100209272601652
MAR-000275,VIS-0060,2024-04-11,Retarget Ad,21.07686942798746
MAR-000033,VIS-0008,2023-06-23,Retarget Ad,7.548288259990963
MAR-000805,VIS-0201,2024-01-09,Email,13.574122210215116
MAR-000530,VIS-0131,2023-08-27,SMS,0.7911629925210484
MAR-001517,VIS-0361,2023-06-30,Push Notification,5.306619161312007
MAR-000061,VIS-0013,2023-11-20,Retarget Ad,6.787980789577151
MAR-000549,VIS-0137,2024-01-03,Push Notification,17.815875649171687
MAR-001063,VIS-0263,2023-08-24,Retarget Ad,0.1
MAR-001059,VIS-0262,2024-01-07,SMS,0.911990272657007
MAR-001437,VIS-0342,2023-08-28,Email,7.5617162502191935
MAR-000140,VIS-0029,2023-10-21,Push Notification,14.045996941255373
MAR-000892,VIS-0220,2023-10-19,SMS,15.21433156360236
MAR-000945,VIS-0234,2023-06-22,SMS,9.00722219365548
MAR-000932,VIS-0230,2024-06-13,Push Notification,15.146337072700476
MAR-001443,VIS-0342,2024-02-17,Retarget Ad,10.390998335774398
MAR-001215,VIS-0293,2024-05-29,SMS,0.5980200791618184
MAR-000661,VIS-0167,2024-06-15,Retarget Ad,0.1
MAR-000620,VIS-0158,2023-10-12,Email,9.239088485255742
MAR-001676,VIS-0398,2023-06-14,Push Notification,7.313467272210034
MAR-000554,VIS-0140,2023-11-20,SMS,7.092359674342569
MAR-000879,VIS-0218,2023-08-20,Retarget Ad,12.142903476316933
MAR-001258,VIS-0304,2024-05-19,SMS,16.51546319635797
MAR-000823,VIS-0204,2024-02-16,Email,6.137664576454417
MAR-000344,VIS-0078,2023-07-31,Retarget Ad,6.246098404250838
MAR-001794,VIS-0428,2023-10-27,SMS,16.53664717114752
MAR-000506,VIS-0124,2024-05-09,Email,2.527828213084959
MAR-000122,VIS-0025,2024-01-12,Email,13.96021040345429
MAR-001065,VIS-0263,2024-05-20,Email,0.1
MAR-001168,VIS-0286,2023-08-20,Push Notification,6.98775747344448
MAR-000801,VIS-0201,2024-03-28,Email,0.326186569165662
MAR-000707,VIS-0178,2023-12-30,Retarget Ad,9.311706268986557
MAR-000309,VIS-0070,2023-12-16,Email,2.367176436320978
MAR-001106,VIS-0272,2024-04-06,Push Notification,20.497154844852947
MAR-000543,VIS-0135,2023-12-06,Push Notification,12.54743498120661
MAR-000952,VIS-0236,2023-08-10,SMS,4.272429013142954
MAR-001410,VIS-0335,2023-11-18,Push Notification,2.0286667356697468
MAR-001767,VIS-0421,2024-05-25,Email,18.117719376689976
MAR-000665,VIS-0168,2024-05-03,Retarget Ad,14.210126174880129
MAR-000354,VIS-0080,2024-05-17,Push Notification,13.426523501808997
MAR-000317,VIS-0072,2023-12-28,SMS,5.921000220193697
MAR-001658,VIS-0394,2023-07-27,SMS,13.390939302219813
MAR-000933,VIS-0231,2024-06-29,Retarget Ad,
MAR-001408,VIS-0335,2023-10-02,Email,
MAR-000931,VIS-0230,2023-07-29,Push Notification,11.466857937034746
MAR-001244,VIS-0301,2023-10-05,Push Notification,2.5021822109060103
MAR-001806,VIS-0430,2024-03-09,Retarget Ad,14.218333585981389
MAR-000461,VIS-0111,2024-03-24,Email,17.135577704409897
MAR-001192,VIS-0289,2024-06-24,Push Notification,16.728274499917084
MAR-000987,VIS-0244,2023-12-09,SMS,0.1
MAR-001572,VIS-0373,2024-04-14,Email,11.123896212629806
MAR-001185,VIS-0288,2024-02-25,SMS,8.181705485667338
MAR-000937,VIS-0231,2023-09-09,SMS,11.37502269887523
MAR-001221,VIS-0294,2024-05-25,Email,3.1559320812511986
MAR-001747,VIS-0414,2023-08-09,Email,5.327374186387005
MAR-001793,VIS-0428,2024-02-15,Email,15.345086749002093
MAR-000219,VIS-0050,2023-08-28,Retarget Ad,24.44739575344565
MAR-001029,VIS-0252,2024-04-26,Retarget Ad,2.265571950737904
MAR-001749,VIS-0415,2024-06-25,Retarget Ad,0.2902818253624204
MAR-001805,VIS-0430,2023-12-14,SMS,8.787267356779621
MAR-000017,VIS-0006,2024-05-19,Email,
MAR-000320,VIS-0072,2024-01-20,Email,5.84116428777164
MAR-000412,VIS-0095,2023-06-01,Retarget Ad,10.937233450694993
MAR-000556,VIS-0140,2023-08-26,SMS,19.775396450458175
MAR-001092,VIS-0269,2024-03-23,SMS,14.505055880663157
MAR-001744,VIS-0414,2023-12-22,Retarget Ad,0.1
MAR-000907,VIS-0223,2023-09-06,Email,8.687270496093138
MAR-000023,VIS-0007,2024-03-12,Email,13.613198033687809
MAR-000358,VIS-0080,2023-12-20,Retarget Ad,23.269609750791172
MAR-000544,VIS-0135,2023-08-24,Push Notification,3.520659796539767
MAR-001730,VIS-0409,2023-12-05,Retarget Ad,0.1
MAR-000210,VIS-0047,2023-12-08,Email,2.091335098812724
MAR-000877,VIS-0218,2024-05-18,Push Notification,12.16823276998202
MAR-000718,VIS-0180,2023-11-29,Push Notification,0.1
MAR-001541,VIS-0367,2023-06-01,Email,2.1021254732481855
MAR-000334,VIS-0075,2023-08-28,Retarget Ad,5.250237302041812
MAR-001025,VIS-0251,2023-12-31,Email,1.1759961861308446
MAR-000071,VIS-0015,2024-05-02,SMS,10.504110939931705
MAR-001355,VIS-0324,2023-07-25,Push Notification,8.436251601758679
MAR-001206,VIS-0291,2024-01-12,Retarget Ad,3.2740171404052494
MAR-001272,VIS-0307,2023-12-30,Email,7.3247274498973916
MAR-000151,VIS-0031,2024-04-01,SMS,13.493637826357993
MAR-000570,VIS-0143,2023-12-30,SMS,10.408890344283545
MAR-000464,VIS-0111,2023-12-12,Push Notification,0.1
MAR-000546,VIS-0136,2023-10-05,Retarget Ad,3.670186930606633
MAR-000701,VIS-0176,2023-08-17,Email,17.60409699299943
MAR-000454,VIS-0108,2023-11-04,Push Notification,26.358297799123562
MAR-000077,VIS-0016,2023-08-07,Email,10.110457947862605
MAR-000484,VIS-0118,2023-09-26,Email,12.058914414536554
MAR-001780,VIS-0425,2024-02-07,Retarget Ad,15.534255111997876
MAR-001576,VIS-0374,2023-10-22,Retarget Ad,3.961882710600327
MAR-001232,VIS-0299,2023-06-27,Retarget Ad,2.808186731175377
MAR-000163,VIS-0034,2023-10-20,SMS,18.370868717349467
MAR-000088,VIS-0018,2023-10-08,Push Notification,15.52072397159041
MAR-000795,VIS-0199,2023-09-29,Email,15.465043430832633
MAR-001209,VIS-0291,2024-01-12,SMS,3.405153022093962
MAR-000119,VIS-0025,2023-09-29,Retarget Ad,8.5738233372716
MAR-000212,VIS-0048,2024-02-15,Email,16.910396450570722
MAR-000167,VIS-0037,2024-05-29,Retarget Ad,3.534960305333964
MAR-001204,VIS-0290,2024-06-18,Retarget Ad,15.364585936722511
MAR-001149,VIS-0281,2023-09-18,SMS,10.984865141269163
MAR-000019,VIS-0006,2024-02-13,Push Notification,12.533842892787487
MAR-000910,VIS-0224,2024-02-09,Push Notification,6.714342340568552
MAR-001281,VIS-0309,2023-09-02,Email,
MAR-001006,VIS-0248,2023-12-31,Push Notification,5.452047947608499
MAR-001038,VIS-0255,2024-06-30,Push Notification,18.314610907981375
MAR-001242,VIS-0300,2023-07-21,Email,
MAR-001808,VIS-0431,2023-12-07,SMS,25.974828239313766
MAR-001682,VIS-0401,2024-01-15,Email,
MAR-001769,VIS-0422,2023-12-10,Retarget Ad,21.528300847032344
MAR-000608,VIS-0154,2024-01-12,Retarget Ad,1.1013601115355485
MAR-000471,VIS-0113,2023-08-07,SMS,0.1
MAR-000779,VIS-0196,2024-04-27,Email,20.77594762983692
MAR-000926,VIS-0229,2023-11-20,Push Notification,9.777485203236536
MAR-000207,VIS-0047,2023-09-12,Email,0.1
MAR-000656,VIS-0165,2024-01-29,Retarget Ad,10.96104432037248
MAR-000205,VIS-0047,2023-10-12,Push Notification,4.732579046344709
MAR-001450,VIS-0344,2023-12-01,Email,11.222193743681233
MAR-000446,VIS-0107,2024-03-11,Retarget Ad,5.118406551941264
MAR-000284,VIS-0062,2024-05-18,Retarget Ad,13.004594737113989
MAR-000301,VIS-0067,2023-12-20,Retarget Ad,5.5433594917285385
MAR-001274,VIS-0307,2023-07-03,Email,0.360964305693269
MAR-001672,VIS-0397,2024-03-12,Retarget Ad,6.114512028276391
MAR-001695,VIS-0402,2023-07-11,SMS,
MAR-000067,VIS-0014,2023-08-21,Email,5.325564183758261
MAR-000141,VIS-0029,2024-05-14,Push Notification,22.42265499069384
MAR-001494,VIS-0353,2023-09-07,Retarget Ad,8.187486900820387
MAR-001357,VIS-0324,2024-06-14,Push Notification,7.175113800000353
MAR-001131,VIS-0277,2024-01-03,Retarget Ad,11.423533376465755
MAR-000658,VIS-0165,2023-11-04,Retarget Ad,9.907417105742834
MAR-001601,VIS-0382,2023-06-01,Retarget Ad,13.30241022194987
MAR-001101,VIS-0270,2024-02-09,SMS,22.61245240419276
MAR-001654,VIS-0393,2023-07-01,SMS,24.836212030875323
MAR-001683,VIS-0401,2023-11-16,Retarget Ad,21.619822139002252
MAR-001651,VIS-0392,2024-05-30,Push Notification,0.7944095106826121
MAR-000410,VIS-0094,2024-01-16,Email,17.405549993514825
MAR-001011,VIS-0248,2023-07-22,Retarget Ad,9.371767183892308
MAR-000760,VIS-0191,2023-06-05,SMS,11.373412208641948
MAR-000277,VIS-0061,2024-02-24,Email,8.38425179604053
MAR-001140,VIS-0279,2023-12-28,Retarget Ad,7.958075572400585
MAR-001002,VIS-0247,2023-06-05,Retarget Ad,0.1
MAR-000306,VIS-0069,2023-12-06,SMS,10.201570559195554
MAR-001792,VIS-0428,2023-12-19,SMS,17.70013589424078
MAR-000589,VIS-0147,2024-05-09,SMS,22.882877661258785
MAR-001132,VIS-0277,2023-06-30,SMS,15.761787304759496
MAR-000564,VIS-0142,2024-04-19,Push Notification,15.467331354967264
MAR-001247,VIS-0301,2023-07-30,Email,8.998138767549644
MAR-001246,VIS-0301,2023-08-25,Retarget Ad,1.3156535669043246
MAR-000591,VIS-0147,2023-08-01,Retarget Ad,17.49157749607575
MAR-001311,VIS-0316,2024-01-18,Push Notification,5.267466787120163
MAR-000036,VIS-0008,2024-02-25,SMS,0.9755254276918294
MAR-000001,VIS-0002,2023-12-10,SMS,23.036648420730938
MAR-001567,VIS-0372,2023-07-18,Retarget Ad,2.0608420698380936
MAR-000504,VIS-0123,2023-08-27,Push Notification,6.998233223235388
MAR-001751,VIS-0416,2024-01-13,Retarget Ad,5.304296861373098
MAR-001518,VIS-0362,2023-09-06,Retarget Ad,0.1
MAR-001632,VIS-0388,2024-02-09,SMS,11.182949183109127
MAR-001709,VIS-0405,2024-03-02,Retarget Ad,0.1
MAR-001078,VIS-0265,2023-09-25,Push Notification,7.776344280728888
MAR-000402,VIS-0093,2023-07-08,SMS,1.9530986446084908
MAR-000164,VIS-0034,2024-04-01,SMS,1.1598942029627075
MAR-000651,VIS-0164,2023-12-30,SMS,10.042495144825654
MAR-001327,VIS-0319,2024-02-17,Retarget Ad,11.591239922187048
MAR-000299,VIS-0067,2024-01-29,SMS,2.5368015444220156
MAR-001411,VIS-0335,2023-08-15,Retarget Ad,13.741985568426298
MAR-001708,VIS-0405,2024-04-19,SMS,0.1
MAR-001706,VIS-0405,2024-06-11,Email,0.1
MAR-001309,VIS-0316,2024-03-03,Retarget Ad,1.9273551388343653
MAR-000693,VIS-0174,2024-04-30,Email,19.666395633692137
MAR-000415,VIS-0096,2023-07-30,Email,3.9144869864294307
MAR-000313,VIS-0071,2023-12-25,Email,0.1
MAR-001596,VIS-0381,2023-06-21,Push Notification,8.615982644619049
MAR-001227,VIS-0297,2024-02-25,SMS,1.7709902531747703
MAR-000201,VIS-0046,2024-05-12,SMS,17.530556210828387
MAR-000970,VIS-0240,2023-12-17,Email,9.619630077433474
MAR-001760,VIS-0418,2023-07-31,Retarget Ad,1.4773806432742322
MAR-000786,VIS-0198,2023-09-23,Email,16.16536562088528
MAR-000360,VIS-0080,2023-12-05,Retarget Ad,28.681186181287963
MAR-001351,VIS-0323,2024-06-29,Email,10.295077270004661
MAR-000666,VIS-0168,2024-02-28,Push Notification,11.988567374624967
MAR-000716,VIS-0179,2024-01-24,SMS,7.933081444633238
MAR-001438,VIS-0342,2023-06-13,Retarget Ad,4.219613942189389
MAR-001383,VIS-0329,2023-10-15,SMS,6.3480624970873425
MAR-001781,VIS-0425,2023-12-19,Push Notification,14.713106286775211
MAR-001737,VIS-0413,2024-02-11,Retarget Ad,17.026776056698463
MAR-000333,VIS-0075,2024-04-23,SMS,15.576287727546934
MAR-000311,VIS-0070,2023-09-29,Push Notification,6.424194941783207
MAR-001113,VIS-0273,2023-09-13,Push Notification,28.540957090152602
MAR-001790,VIS-0428,2023-07-15,SMS,10.462330071894229
MAR-001649,VIS-0392,2023-07-16,Push Notification,3.3146682784244574
MAR-000255,VIS-0055,2023-07-30,Retarget Ad,0.1
MAR-000540,VIS-0135,2023-12-11,Push Notification,0.1
MAR-001290,VIS-0312,2024-01-10,Push Notification,
MAR-000502,VIS-0123,2023-08-16,Retarget Ad,10.246380304675021
MAR-001716,VIS-0406,2024-02-08,Email,17.571434351986838
MAR-000873,VIS-0216,2023-11-19,Email,
MAR-000880,VIS-0218,2024-01-13,Email,16.726749798346123
MAR-000003,VIS-0002,2023-11-08,Retarget Ad,9.137001526763012
MAR-000387,VIS-0087,2024-06-03,Email,17.86226926647244
MAR-001542,VIS-0367,2024-06-17,Push Notification,4.606622799838007
MAR-001136,VIS-0278,2024-01-17,Push Notification,4.816600648798903
MAR-000876,VIS-0217,2024-04-09,Retarget Ad,11.425278191802185
MAR-001158,VIS-0283,2024-02-29,Push Notification,18.186560597120238
MAR-000474,VIS-0114,2023-11-22,SMS,1.4984507508313205
MAR-000444,VIS-0106,2023-12-03,SMS,0.6785061009013234
MAR-000872,VIS-0215,2023-07-18,SMS,28.22954912682879
MAR-000347,VIS-0079,2023-06-18,Email,25.194613433639926
MAR-001797,VIS-0428,2023-08-30,Email,21.772264898026044
MAR-001525,VIS-0363,2023-06-22,Push Notification,0.1
MAR-000763,VIS-0192,2024-05-18,Email,
MAR-000339,VIS-0076,2024-02-23,Email,0.1
MAR-000509,VIS-0126,2023-11-17,Push Notification,6.984748442561545
MAR-000216,VIS-0050,2023-06-02,Retarget Ad,9.702414773429812
MAR-000711,VIS-0178,2023-11-14,Retarget Ad,0.26038912821042537
MAR-001696,VIS-0403,2024-05-03,SMS,19.13416804247798
MAR-000053,VIS-0012,2024-05-08,Push Notification,25.850612536915182
MAR-000828,VIS-0205,2023-12-22,Retarget Ad,11.233444575167946
MAR-001468,VIS-0349,2024-06-07,Retarget Ad,8.49216734278675
MAR-001269,VIS-0307,2024-03-30,Retarget Ad,0.1
MAR-001300,VIS-0314,2023-12-17,Email,1.3017784812773767
MAR-000343,VIS-0078,2024-02-05,Push Notification,8.278441077717334
MAR-000133,VIS-0028,2024-05-03,Retarget Ad,15.346946031486889
MAR-001442,VIS-0342,2023-09-04,SMS,7.098603801546599
MAR-000807,VIS-0201,2024-06-17,Email,4.977303800842298
MAR-000558,VIS-0140,2023-06-16,SMS,7.8446379218479
MAR-000983,VIS-0244,2023-06-17,Retarget Ad,2.3506196411269467
MAR-000868,VIS-0215,2023-06-12,Retarget Ad,23.43118020389106
MAR-001712,VIS-0406,2023-06-17,Retarget Ad,10.755483528304207
MAR-000416,VIS-0097,2023-10-16,Push Notification,5.170396474517382
MAR-001697,VIS-0403,2023-12-08,Email,18.843585931114635
MAR-001122,VIS-0276,2024-01-17,SMS,4.109501006111122
MAR-000894,VIS-0220,2024-06-08,SMS,17.977797417104412
MAR-000535,VIS-0134,2024-02-14,SMS,16.979944875874292
MAR-000765,VIS-0192,2024-06-13,SMS,20.13523916854288
MAR-001431,VIS-0339,2024-03-16,Push Notification,23.900341144649076
MAR-000072,VIS-0015,2023-11-01,Email,4.548917156765302
MAR-001766,VIS-0420,2024-06-10,Push Notification,12.412781855759743
MAR-001490,VIS-0353,2024-04-30,Retarget Ad,0.44175003713976224
MAR-001047,VIS-0257,2024-06-23,SMS,0.1
MAR-000767,VIS-0193,2024-05-21,Push Notification,5.821612812145263
MAR-000388,VIS-0088,2024-06-07,Email,1.46156702358459
MAR-001569,VIS-0373,2023-12-12,Push Notification,21.212109381032654
MAR-000860,VIS-0211,2024-01-27,SMS,27.519029743910387
MAR-001451,VIS-0344,2023-08-15,SMS,12.804599407783698
MAR-000616,VIS-0156,2024-02-17,SMS,5.800945989790185
MAR-000699,VIS-0175,2023-11-16,Retarget Ad,14.411923502799374
MAR-001755,VIS-0417,2023-09-29,SMS,9.4501626590413
MAR-001279,VIS-0309,2023-07-10,SMS,12.560973848045645
MAR-001690,VIS-0402,2024-03-28,Email,0.1
MAR-001393,VIS-0331,2023-08-16,Email,0.1
MAR-001335,VIS-0320,2024-02-16,SMS,23.335688342892468
MAR-000725,VIS-0182,2024-01-28,Email,5.0656153553657335
MAR-000475,VIS-0114,2023-09-05,Retarget Ad,0.1
MAR-001043,VIS-0257,2023-10-16,Push Notification,7.001649848447109
MAR-000487,VIS-0118,2024-05-01,SMS,13.927937906330945
MAR-001482,VIS-0351,2023-06-16,Retarget Ad,26.62906260288154
MAR-001340,VIS-0321,2023-07-14,Retarget Ad,1.9071477368836671
MAR-000538,VIS-0134,2024-04-15,Email,13.978344936747643
MAR-001445,VIS-0343,2024-02-26,Email,10.679965255139292
MAR-000264,VIS-0058,2023-10-15,SMS,
MAR-000793,VIS-0199,2023-08-13,Retarget Ad,12.242953020148686
MAR-000101,VIS-0022,2023-12-05,SMS,8.220129769220218
MAR-001527,VIS-0363,2024-01-31,Push Notification,4.050860949701781
MAR-000799,VIS-0200,2023-07-27,Push Notification,7.0317521820166
MAR-000472,VIS-0113,2024-05-01,Email,0.1
MAR-000468,VIS-0111,2023-06-01,Retarget Ad,9.640439226948647
MAR-000143,VIS-0029,2024-03-06,Email,12.70824451484817
MAR-001341,VIS-0321,2023-11-30,Email,8.791578305160934
MAR-001699,VIS-0404,2024-05-19,Retarget Ad,17.019705405056307
MAR-000920,VIS-0227,2023-08-01,Push Notification,12.223841157795645
MAR-001441,VIS-0342,2024-01-17,SMS,
MAR-001181,VIS-0287,2023-06-11,Retarget Ad,5.801337616440583
MAR-000135,VIS-0028,2023-10-21,Push Notification,11.110637502360616
MAR-001183,VIS-0288,2023-07-17,SMS,4.493545272156677
MAR-001294,VIS-0313,2023-11-18,SMS,6.492054198983171
MAR-000624,VIS-0159,2024-03-27,Email,16.621148037327924
MAR-001479,VIS-0350,2024-02-19,Email,6.056700730139037
MAR-000682,VIS-0172,2024-03-18,SMS,12.698718523331255
MAR-000074,VIS-0016,2023-09-24,Retarget Ad,11.505740319407334
MAR-001378,VIS-0329,2023-10-12,Email,9.302458968617717
MAR-001514,VIS-0360,2024-04-10,Push Notification,6.846641965473462
MAR-000949,VIS-0236,2023-08-29,Push Notification,11.818650841726722
MAR-000694,VIS-0175,2024-04-08,Push Notification,12.569167768909839
MAR-001753,VIS-0416,2024-02-10,Push Notification,10.736517957506475
MAR-000508,VIS-0125,2024-05-04,Push Notification,22.985830716005857
MAR-001728,VIS-0409,2024-05-17,Email,13.400180830235758
MAR-000235,VIS-0052,2024-06-03,Push Notification,2.0571863578561054
MAR-000524,VIS-0130,2023-09-17,Email,11.457097814525532
MAR-001220,VIS-0294,2023-07-06,Push Notification,2.970388341475224
MAR-000079,VIS-0017,2023-07-08,Push Notification,27.41973024501641
MAR-000286,VIS-0064,2023-07-21,Push Notification,17.937445301592355
MAR-000619,VIS-0156,2024-02-04,Push Notification,0.1
MAR-000445,VIS-0106,2023-06-05,SMS,3.918943821871319
MAR-000859,VIS-0211,2024-04-25,Push Notification,19.604353109685672
MAR-000500,VIS-0123,2024-05-04,Push Notification,4.4204398689285105
MAR-001804,VIS-0430,2023-08-15,Email,2.3426412463027324
MAR-000771,VIS-0194,2023-07-10,SMS,18.693468789076846
MAR-001094,VIS-0269,2024-01-11,Retarget Ad,3.2546670475004422
MAR-001687,VIS-0401,2024-03-03,Push Notification,
MAR-000777,VIS-0196,2023-07-31,Retarget Ad,30.81448595678391
MAR-001635,VIS-0389,2023-11-21,Push Notification,9.330703988540003
MAR-000330,VIS-0074,2024-06-12,Push Notification,12.40208681055481
MAR-000221,VIS-0050,2023-10-04,Retarget Ad,16.077460570608856
MAR-001267,VIS-0306,2023-12-29,Email,2.438092713754372
MAR-000627,VIS-0159,2023-07-25,Push Notification,5.881077180953195
MAR-001348,VIS-0323,2024-03-19,SMS,1.6234712977276629
MAR-000440,VIS-0104,2023-10-20,Push Notification,14.356933373194325
MAR-001098,VIS-0270,2023-06-29,Email,12.203433032422215
MAR-000967,VIS-0239,2023-12-23,Push Notification,16.889891197184838
MAR-001440,VIS-0342,2023-07-16,Retarget Ad,3.3955149615188365
MAR-001577,VIS-0374,2024-06-04,Retarget Ad,
MAR-000364,VIS-0081,2024-02-08,Push Notification,14.783910613437666
MAR-001143,VIS-0280,2023-12-20,Email,5.324962131110605
MAR-000674,VIS-0169,2024-06-27,Push Notification,2.6473625798722438
MAR-001306,VIS-0315,2023-06-29,SMS,1.6380854313008233
MAR-001559,VIS-0371,2023-11-01,SMS,0.1
MAR-001458,VIS-0346,2023-12-24,Email,4.688926092042671
MAR-001638,VIS-0389,2023-06-09,Retarget Ad,
MAR-001504,VIS-0356,2023-06-13,Push Notification,10.409157889349713
MAR-001248,VIS-0301,2023-06-09,Push Notification,0.5965375546096379
MAR-001342,VIS-0322,2023-07-23,Retarget Ad,15.954322539915422
MAR-000175,VIS-0038,2024-05-09,Retarget Ad,10.242860369183907
MAR-000899,VIS-0221,2023-12-31,Push Notification,0.1
MAR-000596,VIS-0150,2024-06-16,Retarget Ad,6.967477421952665
MAR-000127,VIS-0026,2023-06-18,Push Notification,8.829087600820172
MAR-001698,VIS-0403,2023-07-20,SMS,9.74869789337402
MAR-000203,VIS-0046,2023-09-24,Email,20.600794702200588
MAR-001105,VIS-0270,2023-11-04,Push Notification,7.817257202140212
MAR-001580,VIS-0375,2024-05-27,Retarget Ad,5.140979598567835
MAR-001656,VIS-0394,2024-06-27,Retarget Ad,8.983779570940635
MAR-000808,VIS-0201,2023-06-16,Email,5.501621721171562
MAR-000991,VIS-0245,2024-06-24,SMS,0.1
MAR-000992,VIS-0246,2024-05-28,Retarget Ad,20.321723777705913
MAR-000893,VIS-0220,2023-11-26,SMS,8.173343962162766
MAR-000513,VIS-0126,2024-01-31,SMS,10.84145311681671
MAR-001693,VIS-0402,2024-05-15,Email,6.510371526988452
MAR-000539,VIS-0134,2024-04-18,SMS,5.742021373459053
MAR-000158,VIS-0033,2024-02-15,Retarget Ad,4.921379138721045
MAR-000603,VIS-0150,2024-06-07,Push Notification,0.1
MAR-001789,VIS-0427,2023-06-30,Email,21.397770756801858
MAR-001322,VIS-0318,2023-09-17,SMS,8.766948797280277
MAR-001420,VIS-0336,2023-06-07,SMS,4.463702538327022
MAR-000505,VIS-0124,2023-09-22,Retarget Ad,7.071747517728037
MAR-001825,VIS-0434,2024-03-23,Push Notification,14.161850577778058
MAR-001037,VIS-0255,2024-01-18,Push Notification,17.98357548545622
MAR-000939,VIS-0231,2024-05-16,SMS,13.029791304250809
MAR-000054,VIS-0012,2023-07-30,Retarget Ad,25.783985549026053
MAR-001045,VIS-0257,2024-02-05,Retarget Ad,5.218389670341595
MAR-001363,VIS-0327,2024-01-22,SMS,0.3147646075927679
MAR-000922,VIS-0228,2024-05-01,Email,23.34095274302383
MAR-000209,VIS-0047,2024-03-27,Email,0.1
MAR-000186,VIS-0043,2024-01-07,Push Notification,22.045683083923333
MAR-000433,VIS-0100,2024-03-01,Retarget Ad,8.481256861373646
MAR-001365,VIS-0327,2024-01-25,SMS,4.209573785452976
MAR-001380,VIS-0329,2024-05-01,Retarget Ad,15.82495579070273
MAR-000370,VIS-0082,2023-07-11,Retarget Ad,
MAR-000086,VIS-0018,2024-06-19,SMS,7.2611777163454905
MAR-001376,VIS-0329,2023-08-11,SMS,4.030662898825807
MAR-000030,VIS-0007,2024-05-31,Push Notification,8.824608758121386
MAR-000896,VIS-0221,2024-03-25,Retarget Ad,0.1
MAR-001354,VIS-0324,2023-12-29,Email,9.853996869197204
MAR-001286,VIS-0312,2024-06-30,Retarget Ad,0.1
MAR-000229,VIS-0051,2024-02-14,Push Notification,11.467798934667627
MAR-000160,VIS-0034,2023-08-22,Email,15.8117557126478
MAR-000832,VIS-0205,2023-07-05,Email,5.66526404364895
MAR-001054,VIS-0260,2024-03-25,SMS,16.194832892189915
MAR-000518,VIS-0130,2024-03-14,Push Notification,12.656052793857366
MAR-000966,VIS-0239,2024-05-08,Push Notification,9.038130491607145
MAR-001021,VIS-0250,2024-03-09,SMS,10.809008916714186
MAR-000132,VIS-0027,2024-06-17,SMS,18.195780893139077
MAR-001142,VIS-0280,2023-12-15,SMS,8.584120086706331
MAR-001000,VIS-0247,2023-11-15,Retarget Ad,2.5813730927858636
MAR-000043,VIS-0009,2023-08-26,SMS,
MAR-000395,VIS-0089,2023-09-21,Retarget Ad,4.2729402831317405
MAR-000056,VIS-0013,2024-01-14,SMS,0.1
MAR-001704,VIS-0404,2024-05-15,SMS,11.933210778073194
MAR-000123,VIS-0025,2024-06-19,Push Notification,10.081744571853164
MAR-001155,VIS-0282,2023-09-16,Retarget Ad,11.382891231561091
MAR-001614,VIS-0385,2024-06-27,Retarget Ad,2.3879175906108916
MAR-001301,VIS-0314,2024-04-02,Retarget Ad,0.1
MAR-001226,VIS-0295,2023-12-29,Email,19.034704298173956
MAR-001560,VIS-0371,2024-06-13,Retarget Ad,6.529848692463051
MAR-001736,VIS-0413,2023-09-19,SMS,10.242560051795706
MAR-001264,VIS-0306,2023-10-31,Email,17.021987863954045
MAR-000610,VIS-0154,2023-07-02,Retarget Ad,0.1
MAR-000248,VIS-0054,2023-07-01,Retarget Ad,7.610394455803121
MAR-001284,VIS-0311,2024-05-03,SMS,2.345181019184338
MAR-000014,VIS-0005,2024-04-21,Retarget Ad,7.147433010218299
MAR-001592,VIS-0380,2024-01-21,Email,12.41516120435905
MAR-001052,VIS-0259,2024-03-16,Push Notification,9.282220232689793
MAR-001323,VIS-0318,2024-04-12,Email,15.635116873967418
MAR-000066,VIS-0014,2023-06-13,Retarget Ad,9.531635172223206
MAR-000005,VIS-0002,2023-12-09,Retarget Ad,27.98831102908975
MAR-001398,VIS-0332,2024-02-11,Push Notification,8.60405391074311
MAR-001807,VIS-0430,2024-04-17,SMS,9.287891725374894
MAR-001416,VIS-0336,2023-09-25,Email,13.434720498161155
MAR-001127,VIS-0276,2024-04-08,Retarget Ad,0.1
MAR-000961,VIS-0237,2024-01-04,Email,18.94959325682453
MAR-001634,VIS-0389,2023-10-21,SMS,
MAR-001505,VIS-0358,2023-07-19,Email,20.099461690879195
MAR-000351,VIS-0079,2023-10-15,SMS,26.567604373118648
MAR-000911,VIS-0225,2024-06-05,Push Notification,17.175329424792118
MAR-000818,VIS-0203,2023-08-20,SMS,24.373592610843914
MAR-000700,VIS-0175,2024-06-17,SMS,6.281714729099855
MAR-000180,VIS-0040,2023-08-17,Retarget Ad,7.0397213930394225
MAR-000963,VIS-0239,2024-06-17,Push Notification,18.532562592808656
MAR-001465,VIS-0348,2023-10-21,Push Notification,11.8180800004494
MAR-000534,VIS-0134,2023-06-05,Email,14.549178798566892
MAR-000424,VIS-0098,2024-03-07,Push Notification,4.672311570081662
MAR-000925,VIS-0228,2023-06-27,Email,8.989838036735348
MAR-001784,VIS-0427,2023-09-15,SMS,8.426257612883617
MAR-001508,VIS-0359,2023-07-21,Retarget Ad,8.16243713034861
MAR-000878,VIS-0218,2023-11-05,Retarget Ad,10.172242414356651
MAR-000407,VIS-0094,2024-04-26,Retarget Ad,16.26937765407478
MAR-000768,VIS-0194,2024-06-12,SMS,15.548527852490155
MAR-001017,VIS-0249,2023-07-11,Retarget Ad,
MAR-001692,VIS-0402,2024-03-26,SMS,0.2959255978497155
MAR-000114,VIS-0024,2023-11-12,Retarget Ad,13.18478327277586
MAR-001772,VIS-0423,2023-11-03,Retarget Ad,13.251400897268805
MAR-000442,VIS-0104,2023-06-04,Email,12.27191599537207
MAR-000192,VIS-0044,2024-06-07,SMS,11.3613919088449
MAR-000622,VIS-0159,2024-06-26,Email,7.689809439334923
MAR-000519,VIS-0130,2024-06-17,SMS,20.65849429828723
MAR-000851,VIS-0209,2023-11-25,Retarget Ad,14.26320214142077
MAR-000488,VIS-0118,2023-07-03,Email,18.824786057366225
MAR-000490,VIS-0118,2024-06-25,Push Notification,10.45079726397205
MAR-001798,VIS-0429,2024-03-10,SMS,21.55054595307354
MAR-000189,VIS-0043,2024-05-17,Email,13.001172393835734
MAR-001130,VIS-0277,2024-02-03,Retarget Ad,5.681728631522587
MAR-001207,VIS-0291,2023-11-06,Email,0.1
MAR-001353,VIS-0323,2024-02-07,Push Notification,6.509563588762271
MAR-001316,VIS-0317,2024-01-02,Email,3.6442507705328557
MAR-001461,VIS-0348,2023-09-10,Email,10.26479472075229
MAR-000690,VIS-0174,2024-03-30,Retarget Ad,15.185794115651598
MAR-001554,VIS-0370,2024-04-07,Push Notification,0.1
MAR-001144,VIS-0280,2023-07-05,Push Notification,
MAR-001358,VIS-0324,2023-07-08,Push Notification,8.854073057693169
MAR-000986,VIS-0244,2023-12-28,Retarget Ad,1.9096245765546327
MAR-000185,VIS-0043,2024-03-03,Email,28.36092769489055
MAR-000840,VIS-0206,2024-04-07,Email,7.531735285870036
MAR-000756,VIS-0190,2024-04-25,Push Notification,12.81337178098497
MAR-001685,VIS-0401,2024-04-15,Retarget Ad,20.86050122804861
MAR-000021,VIS-0006,2024-06-02,Email,8.745397108011677
MAR-001625,VIS-0388,2023-12-14,SMS,3.464192680980071
MAR-001382,VIS-0329,2023-12-05,Email,17.714144328502634
MAR-001782,VIS-0425,2024-04-30,Retarget Ad,0.7828264736603181
MAR-000027,VIS-0007,2024-04-07,Email,9.180608632771765
MAR-001111,VIS-0272,2024-06-30,Retarget Ad,15.022057141366467
MAR-000176,VIS-0039,2023-09-13,Push Notification,
MAR-000038,VIS-0009,2024-06-22,Email,
MAR-001777,VIS-0424,2024-01-26,Push Notification,2.534281793970617
MAR-000166,VIS-0037,2024-03-03,Retarget Ad,8.029199385958622
MAR-000702,VIS-0176,2023-10-13,SMS,1.5727029484456967
MAR-001085,VIS-0266,2023-09-29,Email,10.669046322117588
MAR-001041,VIS-0257,2023-07-14,Email,7.831264563010999
MAR-000917,VIS-0227,2024-03-25,Push Notification,13.257629951212461
MAR-000312,VIS-0071,2023-07-27,Retarget Ad,0.1
MAR-000425,VIS-0098,2023-08-26,Email,0.1
MAR-001412,VIS-0335,2023-12-11,SMS,19.186581636415536
MAR-000150,VIS-0031,2023-10-31,Retarget Ad,6.862118593722201
MAR-001776,VIS-0423,2024-03-26,Push Notification,14.040261234440088
MAR-000783,VIS-0198,2024-04-23,Email,19.45125234396569
MAR-001159,VIS-0283,2023-10-22,SMS,26.19817826513576
MAR-001097,VIS-0269,2023-12-05,SMS,0.1
MAR-001030,VIS-0253,2023-06-24,Push Notification,0.4782042122907282
MAR-001803,VIS-0430,2024-06-10,SMS,5.802545821166525
MAR-001090,VIS-0269,2024-02-09,SMS,12.33302593523532
MAR-001421,VIS-0336,2023-09-16,Email,5.313604654912777
MAR-000850,VIS-0209,2024-04-14,Push Notification,17.78551133515216
MAR-001707,VIS-0405,2024-03-02,Push Notification,
MAR-000737,VIS-0186,2024-01-22,Email,12.196713112660488
MAR-000951,VIS-0236,2023-08-06,Push Notification,16.25256015764075
MAR-001502,VIS-0356,2023-10-21,Retarget Ad,11.63882671768491
MAR-000374,VIS-0083,2023-09-14,Push Notification,14.184957225337852
MAR-000040,VIS-0009,2024-02-15,SMS,4.358601636348931
MAR-000944,VIS-0234,2024-01-17,SMS,0.1
MAR-000981,VIS-0243,2024-04-10,Email,10.198016484137487
MAR-000236,VIS-0052,2023-11-12,Email,16.045199900643155
MAR-001757,VIS-0418,2024-04-08,Retarget Ad,9.069302539722957
MAR-000516,VIS-0127,2023-10-14,SMS,6.094261084970439
MAR-000533,VIS-0134,2024-03-07,Email,18.979340226416667
MAR-000881,VIS-0218,2024-03-30,Email,17.36657604028109
MAR-001537,VIS-0367,2024-04-13,Email,0.43223405506055546
MAR-001198,VIS-0290,2024-02-15,SMS,24.32324506660191
MAR-001770,VIS-0422,2023-07-02,Email,18.200714472104643
MAR-000029,VIS-0007,2023-06-28,Email,15.860063252487759
MAR-000762,VIS-0191,2024-04-20,Retarget Ad,8.097216302585606
MAR-000327,VIS-0073,2024-01-25,SMS,0.1
MAR-001249,VIS-0301,2023-09-18,Push Notification,0.1
MAR-001189,VIS-0288,2023-11-13,Email,6.644783090739572
MAR-001329,VIS-0319,2024-02-13,Email,4.835759465353536
MAR-001478,VIS-0350,2023-08-21,Push Notification,8.354039827827421
MAR-001321,VIS-0318,2023-09-01,Push Notification,11.743557154832958
MAR-001480,VIS-0351,2024-05-24,Push Notification,22.152481532185313
MAR-000434,VIS-0101,2024-04-17,Retarget Ad,7.917604515437472
MAR-001233,VIS-0299,2024-06-18,Push Notification,0.1
MAR-001399,VIS-0332,2023-06-01,Retarget Ad,
MAR-000345,VIS-0078,2024-02-17,Email,2.057587079004212
MAR-001710,VIS-0405,2024-05-24,Email,0.1
MAR-000258,VIS-0056,2023-06-07,Email,7.997333040176692
MAR-001124,VIS-0276,2024-04-06,SMS,0.1
MAR-001012,VIS-0249,2024-04-16,SMS,4.268774573529119
MAR-001239,VIS-0300,2024-04-22,SMS,13.320068881930052
MAR-001489,VIS-0353,2023-11-18,Retarget Ad,13.13396515682852
MAR-001616,VIS-0386,2024-06-08,SMS,5.599451472481405
MAR-000390,VIS-0088,2024-05-15,Retarget Ad,12.510925372404014
MAR-001834,VIS-0437,2024-04-22,Retarget Ad,12.339456586220946
MAR-000507,VIS-0125,2023-12-11,Retarget Ad,25.330775392611535
MAR-000129,VIS-0026,2023-11-09,Email,10.283968421385154
MAR-001675,VIS-0398,2023-10-20,SMS,0.1
MAR-000752,VIS-0189,2024-04-23,Retarget Ad,4.5888642182744865
MAR-001493,VIS-0353,2024-06-30,SMS,11.459548795362249
MAR-001152,VIS-0281,2023-08-09,Email,
MAR-000660,VIS-0166,2024-01-22,Email,2.2601048586570287
MAR-000120,VIS-0025,2023-06-09,Email,8.885065353844306
MAR-000280,VIS-0062,2023-10-21,Push Notification,10.760776213646079
MAR-000929,VIS-0230,2024-05-28,SMS,21.44491298485613
MAR-001726,VIS-0408,2024-05-05,Email,15.071357849349761
MAR-001516,VIS-0361,2023-08-10,Email,11.42313015950186
MAR-000478,VIS-0117,2024-05-01,Email,11.886316842085535
MAR-000552,VIS-0139,2024-01-20,Push Notification,8.829048267471109
MAR-001330,VIS-0319,2023-07-29,Push Notification,12.90596140693038
MAR-000950,VIS-0236,2023-06-22,Retarget Ad,20.731773272747922
MAR-000800,VIS-0200,2023-08-26,Retarget Ad,0.1
MAR-000537,VIS-0134,2024-01-24,SMS,16.73436886843049
MAR-000845,VIS-0209,2024-03-18,Email,20.727222006802343
MAR-000788,VIS-0198,2024-04-27,Retarget Ad,12.164013240916958
MAR-000142,VIS-0029,2023-11-27,Retarget Ad,10.60874765042475
MAR-000131,VIS-0027,2024-02-08,Retarget Ad,12.31524646731212
MAR-000418,VIS-0097,2024-01-21,Push Notification,12.084566093687464
MAR-001530,VIS-0365,2024-03-28,Retarget Ad,17.454207463438543
MAR-001591,VIS-0380,2023-11-19,Push Notification,15.366105639052039
MAR-000548,VIS-0137,2024-02-06,Retarget Ad,6.483039332947777
MAR-001240,VIS-0300,2024-05-13,SMS,17.271956679118723
MAR-000629,VIS-0159,2024-03-14,Push Notification,11.10320780033608
MAR-001344,VIS-0322,2023-07-15,SMS,24.939843533217932
MAR-001630,VIS-0388,2023-07-20,Push Notification,2.397693847014101
MAR-000948,VIS-0236,2023-10-29,Push Notification,7.329911867265304
MAR-001407,VIS-0333,2024-05-21,Retarget Ad,0.1
MAR-001581,VIS-0375,2024-05-23,Email,19.442980478059436
MAR-001095,VIS-0269,2024-01-13,Retarget Ad,0.1
MAR-001731,VIS-0409,2024-04-28,Push Notification,10.435709670800712
MAR-000782,VIS-0198,2024-06-18,Retarget Ad,19.077949839189074
MAR-001077,VIS-0265,2023-12-04,Email,4.750106600115054
MAR-000178,VIS-0040,2024-01-17,Push Notification,
MAR-001271,VIS-0307,2024-05-03,SMS,5.808000372300036
MAR-000428,VIS-0099,2024-01-12,Retarget Ad,16.119424807985652
MAR-000136,VIS-0028,2023-12-15,Email,8.684001335445322
MAR-001396,VIS-0331,2023-11-30,Email,0.1
MAR-001785,VIS-0427,2024-05-11,Email,24.247495613333534
MAR-001763,VIS-0419,2024-06-14,Push Notification,15.40140027650811
MAR-000976,VIS-0243,2023-10-24,SMS,10.32451067723569
MAR-001679,VIS-0399,2024-05-27,Email,0.938935021237131
MAR-001280,VIS-0309,2024-01-27,SMS,6.72622427451544
MAR-001210,VIS-0293,2024-03-17,Email,11.794344095180639
MAR-000443,VIS-0106,2024-06-06,SMS,11.737223686042302
MAR-001349,VIS-0323,2024-04-14,Push Notification,2.1932994090471194
MAR-000527,VIS-0131,2024-01-21,Push Notification,0.1
MAR-001173,VIS-0286,2024-05-02,Retarget Ad,7.324083180989727
MAR-000678,VIS-0170,2023-06-19,Email,7.742410735876223
MAR-001617,VIS-0386,2024-04-01,SMS,18.121781825000642
MAR-000222,VIS-0050,2023-10-11,Retarget Ad,16.2857750549309
MAR-000315,VIS-0071,2024-03-14,Retarget Ad,1.6153240230792876
MAR-000184,VIS-0043,2023-11-24,Retarget Ad,18.783507471659114
MAR-000448,VIS-0107,2024-04-17,Email,5.542952571457278
MAR-000592,VIS-0147,2024-04-15,Retarget Ad,24.601494312294143
MAR-000380,VIS-0085,2024-05-03,SMS,4.221578774832475
MAR-000460,VIS-0110,2023-09-25,Email,20.97341731581529
MAR-000667,VIS-0168,2023-11-30,Push Notification,17.706205217601887
MAR-000274,VIS-0059,2024-03-01,Push Notification,4.3556375432332946
MAR-000476,VIS-0115,2024-03-11,Email,7.32949717694262
MAR-001374,VIS-0328,2023-10-27,Push Notification,0.1
MAR-001145,VIS-0280,2024-01-10,Email,8.052937384248258
MAR-000481,VIS-0117,2023-06-18,SMS,11.685611492933454
MAR-000157,VIS-0033,2023-07-24,Push Notification,5.706159185072919
MAR-001171,VIS-0286,2023-06-06,Email,7.418710209902199
MAR-001404,VIS-0333,2023-06-28,Email,1.2085248726184057
MAR-000110,VIS-0024,2023-11-08,Email,11.192664344000665
MAR-001653,VIS-0392,2024-05-04,Retarget Ad,9.888547253038478
MAR-001057,VIS-0261,2023-08-23,Push Notification,1.6273708332013426
MAR-000545,VIS-0136,2024-06-08,Email,0.15175377710233162
MAR-000070,VIS-0015,2024-06-02,Push Notification,12.981363278967095
MAR-001608,VIS-0384,2023-08-17,Retarget Ad,16.95750957289552
MAR-001633,VIS-0389,2023-10-24,SMS,7.506281460234315
MAR-001177,VIS-0287,2024-05-27,Retarget Ad,9.711236974891872
