record_id,customer_id,session_date,pages_viewed,bounce_flag
SES-003580,VIS-0384,2024-01-17,10.0,False
SES-003328,VIS-0357,2024-01-13,1.0,False
SES-001481,VIS-0162,2023-12-03,10.0,False
SES-003216,VIS-0345,2024-06-20,17.0,True
SES-003263,VIS-0350,2023-10-28,7.0,False
SES-002726,VIS-0294,2024-06-03,8.0,True
SES-000751,VIS-0083,2024-05-16,10.0,False
SES-002164,VIS-0236,2024-06-09,4.0,False
SES-000258,VIS-0030,2023-12-15,14.0,True
SES-000703,VIS-0079,2023-07-22,1.0,True
SES-001154,VIS-0125,2024-03-17,3.0,False
SES-001158,VIS-0126,2023-10-02,14.0,False
SES-002135,VIS-0233,2023-10-02,15.0,False
SES-003167,VIS-0341,2023-06-28,9.0,True
SES-000041,VIS-0004,2024-01-05,7.0,False
SES-002256,VIS-0247,2024-03-04,3.0,False
SES-001228,VIS-0134,2024-02-14,19.0,False
SES-000502,VIS-0057,2023-09-15,4.0,False
SES-000988,VIS-0109,2024-03-05,5.0,False
SES-000762,VIS-0084,2024-02-11,18.0,False
SES-000402,VIS-0046,2023-08-13,21.0,True
SES-000672,VIS-0075,2024-03-15,12.0,False
SES-001911,VIS-0208,2023-07-09,14.0,True
SES-003947,VIS-0424,2024-04-02,21.13854026369009,True
SES-001142,VIS-0124,2023-12-11,1.0,True
SES-000014,VIS-0002,2023-12-25,4.0,True
SES-001685,VIS-0184,2023-10-27,10.0,False
SES-000857,VIS-0094,2023-11-03,2.0,False
SES-002689,VIS-0291,2023-11-29,10.0,True
SES-001697,VIS-0185,2023-11-28,1.0,False
SES-000061,VIS-0006,2024-05-12,9.0,True
SES-002672,VIS-0289,2023-07-18,19.0,True
SES-000328,VIS-0038,2023-09-02,3.0,False
SES-000615,VIS-0069,2023-07-16,8.0,False
SES-001347,VIS-0146,2023-12-14,10.0,False
SES-001400,VIS-0153,2023-11-15,9.0,False
SES-000142,VIS-0016,2024-01-15,9.0,False
SES-000881,VIS-0098,2023-12-04,7.0,False
SES-003791,VIS-0407,2023-08-16,16.0,False
SES-002313,VIS-0254,2023-08-18,10.0,False
SES-000313,VIS-0036,2023-10-04,8.0,True
SES-002709,VIS-0293,2024-04-29,1.0,False
SES-001433,VIS-0156,2023-09-24,8.0,False
SES-000817,VIS-0090,2024-03-17,9.0,True
SES-002747,VIS-0296,2024-01-15,8.0,False
SES-003961,VIS-0425,2024-03-29,9.0,True
SES-002791,VIS-0302,2023-09-21,5.0,False
SES-002638,VIS-0286,2024-02-29,11.0,True
SES-001958,VIS-0213,2024-01-03,9.0,False
SES-000557,VIS-0063,2024-03-02,7.0,False
SES-000346,VIS-0040,2024-02-12,12.0,False
SES-002239,VIS-0245,2023-08-11,4.0,False
SES-002789,VIS-0301,2024-03-30,1.0,False
SES-000904,VIS-0100,2023-09-18,4.0,False
SES-000095,VIS-0010,2023-10-21,11.0,False
SES-000541,VIS-0061,2023-09-18,11.0,False
SES-000446,VIS-0051,2023-09-22,5.0,False
SES-002905,VIS-0313,2023-06-19,1.0,True
SES-000946,VIS-0105,2023-12-20,1.0,True
SES-002553,VIS-0277,2023-09-01,15.0,False
SES-002994,VIS-0322,2024-04-16,11.0,True
SES-002235,VIS-0245,2023-09-09,5.0,False
SES-000148,VIS-0018,2024-05-23,11.0,False
SES-002778,VIS-0300,2024-05-25,14.0,True
SES-004013,VIS-0432,2023-08-05,1.0,False
SES-002088,VIS-0228,2024-05-26,17.0,False
SES-001956,VIS-0213,2023-11-19,8.0,False
SES-001968,VIS-0214,2023-06-13,6.0,True
SES-001330,VIS-0144,2024-05-03,2.0,False
SES-000593,VIS-0067,2024-06-04,7.0,False
SES-001234,VIS-0134,2023-06-21,20.0,False
SES-003872,VIS-0416,2023-06-05,16.0,False
SES-001063,VIS-0116,2024-05-07,9.0,True
SES-002495,VIS-0272,2023-11-29,9.0,False
SES-000576,VIS-0064,2024-04-19,8.0,True
SES-000933,VIS-0103,2023-10-28,-8.935709467115604,False
SES-000325,VIS-0037,2024-03-18,3.0,False
SES-002126,VIS-0232,2024-01-14,5.0,False
SES-002411,VIS-0265,2024-05-07,3.0,True
SES-001597,VIS-0174,2024-03-20,8.0,False
SES-003793,VIS-0407,2024-04-09,18.0,False
SES-000045,VIS-0005,2023-06-11,19.0,True
SES-003395,VIS-0364,2023-06-13,11.0,True
SES-001332,VIS-0144,2023-10-07,10.0,False
SES-001914,VIS-0208,2024-04-30,11.0,False
SES-002851,VIS-0307,2023-12-23,8.0,False
SES-002583,VIS-0280,2023-09-02,12.0,False
SES-002424,VIS-0266,2023-10-17,7.0,True
SES-001427,VIS-0156,2023-06-04,12.0,False
SES-000660,VIS-0074,2024-02-23,5.0,False
SES-003464,VIS-0372,2023-07-25,2.0,False
SES-002190,VIS-0239,2023-12-28,5.0,False
SES-002192,VIS-0240,2023-12-01,1.0,True
SES-003732,VIS-0401,2023-08-07,16.0,False
SES-002187,VIS-0239,2023-08-25,6.0,False
SES-001905,VIS-0207,2024-01-24,6.0,False
SES-003161,VIS-0340,2023-07-04,10.0,True
SES-003052,VIS-0329,2023-08-11,1.0,False
SES-002348,VIS-0257,2024-06-17,4.0,True
SES-000007,VIS-0001,2023-09-13,13.0,False
SES-003930,VIS-0423,2023-07-11,13.0,False
SES-003515,VIS-0378,2023-09-17,1.0,False
SES-002852,VIS-0307,2024-04-02,7.0,False
SES-001077,VIS-0119,2023-09-01,5.0,False
SES-003493,VIS-0376,2024-06-06,9.0,False
SES-000037,VIS-0004,2024-01-16,8.0,False
SES-001202,VIS-0130,2024-05-07,15.0,False
SES-001321,VIS-0143,2023-06-17,4.0,True
SES-000344,VIS-0040,2024-04-24,13.0,False
SES-000876,VIS-0097,2023-08-10,8.0,False
SES-002774,VIS-0300,2023-07-15,14.0,False
SES-001189,VIS-0129,2024-03-21,1.0,False
SES-000783,VIS-0086,2023-08-08,15.0,False
SES-003591,VIS-0385,2023-10-22,5.0,False
SES-002267,VIS-0249,2023-08-03,11.0,True
SES-003256,VIS-0349,2024-03-06,4.0,False
SES-000398,VIS-0045,2024-02-10,7.0,False
SES-002723,VIS-0294,2024-02-08,4.0,False
SES-003031,VIS-0326,2023-11-04,22.0,True
SES-001335,VIS-0144,2024-03-24,4.0,False
SES-002776,VIS-0300,2023-11-04,7.0,True
SES-000173,VIS-0020,2024-03-10,6.0,False
SES-000812,VIS-0090,2023-08-27,7.0,True
SES-000880,VIS-0098,2024-05-08,1.0,False
SES-001505,VIS-0164,2023-09-30,2.0,False
SES-002109,VIS-0230,2023-11-29,1.0,False
SES-001616,VIS-0176,2023-08-01,5.0,False
SES-003817,VIS-0410,2024-01-04,17.0,False
SES-000591,VIS-0067,2023-09-21,7.0,False
SES-001351,VIS-0147,2023-11-28,5.0,False
SES-002560,VIS-0278,2023-12-20,18.0,False
SES-002711,VIS-0293,2024-04-26,3.0,False
SES-003991,VIS-0429,2023-09-23,4.0,False
SES-001260,VIS-0137,2023-11-29,8.0,True
SES-001085,VIS-0119,2024-04-13,3.0,True
SES-003610,VIS-0387,2024-01-21,3.0,False
SES-003672,VIS-0394,2024-05-27,2.0,False
SES-002532,VIS-0276,2023-12-06,6.0,False
SES-002427,VIS-0266,2023-09-04,35.414224777406815,True
SES-000530,VIS-0060,2024-04-01,1.0,False
SES-003000,VIS-0322,2023-11-17,8.0,False
SES-000081,VIS-0009,2023-08-13,4.0,True
SES-003070,VIS-0330,2024-05-04,1.0,True
SES-002436,VIS-0267,2023-06-05,1.0,False
SES-003424,VIS-0368,2024-01-22,1.0,False
SES-002391,VIS-0262,2024-03-16,3.0,True
SES-002124,VIS-0232,2023-06-09,5.0,False
SES-002446,VIS-0268,2023-08-13,5.0,False
SES-003844,VIS-0413,2023-12-25,6.0,False
SES-004034,VIS-0435,2023-06-16,13.0,False
SES-000632,VIS-0070,2023-11-24,2.0,False
SES-001882,VIS-0204,2023-06-27,10.0,True
SES-000058,VIS-0006,2023-10-08,3.0,False
SES-001596,VIS-0174,2024-02-27,7.0,False
SES-004017,VIS-0432,2024-06-06,1.0,False
SES-003966,VIS-0427,2024-01-27,11.0,False
SES-001215,VIS-0132,2024-06-05,9.0,False
SES-001308,VIS-0142,2024-03-25,8.0,False
SES-001960,VIS-0213,2024-02-08,8.0,False
SES-000066,VIS-0007,2024-04-04,1.0,True
SES-003006,VIS-0323,2023-06-14,2.0,False
SES-003150,VIS-0338,2023-10-25,14.0,True
SES-000771,VIS-0085,2023-10-12,3.0,False
SES-000488,VIS-0056,2023-09-09,7.0,False
SES-002552,VIS-0277,2023-12-04,14.0,False
SES-000580,VIS-0065,2024-01-21,1.0,True
SES-002655,VIS-0287,2024-01-28,17.0,True
SES-003014,VIS-0324,2023-08-06,4.0,False
SES-001533,VIS-0167,2023-08-28,2.0,False
SES-003385,VIS-0363,2024-04-13,6.0,False
SES-000526,VIS-0060,2023-11-02,1.0,False
SES-002137,VIS-0233,2024-01-13,19.0,False
SES-002961,VIS-0319,2023-06-05,1.0,False
SES-002787,VIS-0301,2023-12-22,1.0,False
SES-001566,VIS-0171,2023-07-18,2.0,False
SES-003704,VIS-0398,2023-10-31,15.0,False
SES-002012,VIS-0220,2024-02-25,9.0,False
SES-002245,VIS-0246,2024-05-27,4.0,True
SES-002298,VIS-0252,2023-12-11,11.0,False
SES-000391,VIS-0045,2024-03-26,10.0,False
SES-002768,VIS-0299,2024-06-25,7.0,False
SES-001666,VIS-0182,2023-07-30,1.0,True
SES-002154,VIS-0235,2023-07-19,6.0,False
SES-003067,VIS-0330,2023-11-18,1.0,False
SES-001224,VIS-0133,2023-08-29,11.0,False
SES-000816,VIS-0090,2024-01-18,4.0,True
SES-000125,VIS-0014,2023-06-23,12.0,False
SES-003293,VIS-0353,2024-02-01,1.0,False
SES-002027,VIS-0221,2023-09-07,2.0,False
SES-000578,VIS-0064,2024-06-27,12.0,False
SES-002582,VIS-0280,2023-12-16,17.0,True
SES-001117,VIS-0122,2024-06-14,13.0,False
SES-002872,VIS-0309,2024-04-02,8.0,False
SES-001244,VIS-0135,2023-07-29,3.0,False
SES-001860,VIS-0201,2023-08-13,5.0,False
SES-002685,VIS-0291,2024-04-15,7.0,False
SES-003750,VIS-0402,2023-07-02,10.0,False
SES-001015,VIS-0112,2024-06-01,5.0,False
SES-002597,VIS-0281,2023-10-27,6.0,False
SES-003146,VIS-0337,2024-01-28,8.0,False
SES-001824,VIS-0198,2023-11-21,5.0,False
SES-000326,VIS-0037,2023-08-21,24.08743897536483,True
SES-001668,VIS-0182,2024-02-19,1.0,False
SES-000022,VIS-0002,2023-11-21,7.0,True
SES-002005,VIS-0218,2023-08-16,11.0,True
SES-002350,VIS-0257,2023-11-08,5.0,False
SES-002225,VIS-0244,2023-10-08,13.0,False
SES-002586,VIS-0280,2024-03-26,18.0,False
SES-000835,VIS-0092,2023-12-24,9.0,False
SES-002437,VIS-0267,2023-12-03,1.0,False
SES-001682,VIS-0183,2023-07-23,16.0,False
SES-001833,VIS-0198,2023-10-20,2.0,False
SES-001012,VIS-0111,2024-01-15,5.0,False
SES-000183,VIS-0022,2024-06-13,10.0,False
SES-001943,VIS-0211,2023-12-15,1.0,False
SES-003064,VIS-0330,2023-06-04,1.0,False
SES-002842,VIS-0305,2023-07-23,6.0,False
SES-003005,VIS-0323,2024-06-11,4.0,False
SES-002759,VIS-0298,2023-11-10,1.0,True
SES-000347,VIS-0040,2023-07-17,10.0,False
SES-002868,VIS-0308,2023-12-18,5.0,False
SES-003337,VIS-0357,2023-07-04,1.0,True
SES-003432,VIS-0369,2024-04-26,4.0,False
SES-000139,VIS-0016,2023-07-12,10.0,True
SES-001398,VIS-0153,2024-02-16,-8.81986643482729,True
SES-003821,VIS-0410,2024-04-06,15.0,False
SES-000439,VIS-0050,2023-11-17,7.0,True
SES-001188,VIS-0128,2023-08-11,16.0,False
SES-000657,VIS-0073,2024-04-27,8.0,True
SES-002428,VIS-0266,2023-06-29,14.0,False
SES-000400,VIS-0045,2024-03-05,12.0,True
SES-001349,VIS-0146,2023-07-24,13.0,False
SES-001366,VIS-0149,2023-07-04,16.0,True
SES-001847,VIS-0200,2023-08-12,14.0,True
SES-000403,VIS-0046,2023-09-26,21.0,False
SES-001471,VIS-0161,2024-04-26,1.0,False
SES-002251,VIS-0247,2024-05-24,1.0,False
SES-000228,VIS-0026,2024-06-15,1.0,False
SES-002224,VIS-0244,2024-04-03,12.0,True
SES-001741,VIS-0190,2023-10-09,10.0,True
SES-003468,VIS-0372,2023-12-24,7.0,False
SES-003588,VIS-0385,2024-01-05,5.0,True
SES-000898,VIS-0100,2024-06-02,4.0,False
SES-001151,VIS-0125,2024-02-04,6.0,False
SES-003476,VIS-0373,2024-01-29,10.0,False
SES-000109,VIS-0012,2024-01-12,21.0,True
SES-000496,VIS-0056,2023-08-31,5.0,False
SES-000425,VIS-0048,2023-10-11,1.0,False
SES-001075,VIS-0118,2023-12-17,10.0,True
SES-001409,VIS-0154,2023-10-21,11.0,True
SES-001501,VIS-0164,2023-08-21,1.0,False
SES-003264,VIS-0350,2023-10-13,10.0,False
SES-003131,VIS-0336,2023-11-15,5.0,False
SES-001240,VIS-0135,2023-09-27,6.0,True
SES-003780,VIS-0405,2024-02-19,17.0,False
SES-000536,VIS-0061,2023-08-05,12.0,True
SES-003413,VIS-0366,2023-08-25,6.0,False
SES-002157,VIS-0235,2024-04-16,10.0,True
SES-003200,VIS-0344,2023-07-01,15.0,False
SES-003180,VIS-0342,2023-12-08,12.0,False
SES-003098,VIS-0333,2024-06-15,1.0,False
SES-003336,VIS-0357,2024-03-12,1.0,False
SES-003125,VIS-0336,2024-01-04,6.0,False
SES-002335,VIS-0256,2023-09-27,13.0,False
SES-000362,VIS-0042,2024-05-04,1.0,True
SES-002706,VIS-0292,2024-02-18,16.0,False
SES-000639,VIS-0071,2023-12-15,7.0,False
SES-000793,VIS-0088,2024-04-05,2.0,False
SES-000331,VIS-0038,2023-06-13,11.0,False
SES-002606,VIS-0282,2023-09-27,8.0,True
SES-000836,VIS-0092,2023-12-02,11.0,True
SES-000447,VIS-0051,2023-10-15,8.0,True
SES-003245,VIS-0348,2024-03-17,1.0,False
SES-002523,VIS-0275,2024-02-07,5.0,False
SES-003226,VIS-0346,2024-04-23,1.0,False
SES-003867,VIS-0416,2024-03-25,13.0,True
SES-001168,VIS-0126,2023-06-08,10.0,False
SES-002259,VIS-0248,2024-02-16,16.0,False
SES-003753,VIS-0402,2023-10-14,4.0,False
SES-002856,VIS-0307,2024-03-19,6.0,False
SES-001586,VIS-0173,2024-04-27,7.0,False
SES-001574,VIS-0172,2024-02-17,4.0,True
SES-002760,VIS-0298,2023-10-08,1.0,False
SES-001684,VIS-0184,2024-02-10,13.0,True
SES-001778,VIS-0194,2023-09-14,7.0,False
SES-002178,VIS-0237,2024-02-22,3.0,False
SES-003073,VIS-0331,2023-09-04,33.893765362213415,True
SES-001150,VIS-0125,2023-08-05,5.0,False
SES-001732,VIS-0189,2024-06-19,13.0,False
SES-001812,VIS-0197,2024-06-24,5.0,False
SES-001991,VIS-0217,2024-03-03,1.0,False
SES-003133,VIS-0336,2024-06-24,1.0,True
SES-000426,VIS-0048,2024-03-02,3.0,False
SES-000278,VIS-0033,2024-05-16,8.0,False
SES-002744,VIS-0296,2023-10-17,6.0,False
SES-000111,VIS-0012,2023-10-25,21.0,False
SES-003189,VIS-0343,2024-01-08,7.0,False
SES-002231,VIS-0245,2024-01-07,2.0,False
SES-002415,VIS-0265,2024-03-24,7.0,True
SES-002599,VIS-0281,2024-02-15,3.0,False
SES-001139,VIS-0124,2023-12-29,1.0,False
SES-002984,VIS-0321,2023-06-04,12.0,False
SES-002508,VIS-0273,2023-11-06,18.0,True
SES-001058,VIS-0116,2024-01-12,6.0,True
SES-001852,VIS-0200,2023-07-23,12.0,False
SES-003595,VIS-0386,2023-12-16,1.0,True
SES-002006,VIS-0219,2023-12-13,4.0,False
SES-002453,VIS-0268,2024-05-16,8.0,False
SES-003618,VIS-0388,2023-06-06,3.0,True
SES-003982,VIS-0428,2023-08-05,13.0,False
SES-003403,VIS-0365,2024-01-22,16.0,False
SES-001576,VIS-0172,2023-12-20,3.0,False
SES-000113,VIS-0013,2023-06-17,8.0,False
SES-001865,VIS-0202,2024-06-23,8.0,True
SES-003561,VIS-0382,2024-05-30,13.0,False
SES-001344,VIS-0146,2023-12-23,9.0,True
SES-002900,VIS-0313,2023-09-12,2.0,True
SES-003481,VIS-0374,2023-11-24,7.0,False
SES-002347,VIS-0257,2024-02-29,8.0,False
SES-003282,VIS-0351,2023-08-30,1.0,True
SES-003702,VIS-0397,2023-08-12,8.0,False
SES-001103,VIS-0121,2024-02-03,1.0,False
SES-002630,VIS-0285,2023-07-29,11.0,False
SES-002010,VIS-0220,2023-11-16,7.0,False
SES-000914,VIS-0101,2024-06-25,20.0,False
SES-000722,VIS-0081,2024-05-06,2.0,False
SES-001582,VIS-0172,2024-04-02,4.0,False
SES-002405,VIS-0264,2024-06-12,11.0,True
SES-003386,VIS-0363,2023-06-02,8.0,False
SES-003215,VIS-0345,2023-10-06,22.0,False
SES-002264,VIS-0248,2023-07-23,16.0,True
SES-000267,VIS-0031,2023-09-10,4.0,False
SES-001343,VIS-0146,2024-02-23,10.0,True
SES-000935,VIS-0104,2024-02-24,12.0,True
SES-003521,VIS-0379,2024-03-25,11.0,False
SES-000104,VIS-0011,2023-12-07,2.0,True
SES-000849,VIS-0093,2024-03-15,6.0,False
SES-003568,VIS-0382,2024-02-11,19.0,True
SES-003124,VIS-0336,2024-03-13,3.0,False
SES-001164,VIS-0126,2024-05-04,12.0,False
SES-001315,VIS-0143,2023-06-28,11.0,True
SES-002066,VIS-0225,2024-03-20,6.0,True
SES-004008,VIS-0431,2023-08-22,18.0,False
SES-002144,VIS-0234,2023-07-22,1.0,False
SES-002639,VIS-0286,2023-08-24,16.0,True
SES-000818,VIS-0090,2024-04-12,5.0,False
SES-002489,VIS-0271,2024-02-16,10.0,False
SES-001534,VIS-0167,2024-05-14,2.0,True
SES-000093,VIS-0010,2023-11-23,19.0,True
SES-003988,VIS-0429,2023-12-11,9.0,False
SES-001416,VIS-0154,2023-06-13,8.0,False
SES-002265,VIS-0248,2023-09-21,17.0,False
SES-002399,VIS-0263,2024-01-05,6.0,False
SES-001247,VIS-0136,2023-09-12,10.0,False
SES-002966,VIS-0319,2023-06-04,1.0,False
SES-002065,VIS-0224,2024-06-03,1.0,False
SES-003775,VIS-0404,2024-04-13,9.0,False
SES-000145,VIS-0017,2024-05-03,7.0,True
SES-000942,VIS-0104,2023-06-10,12.0,False
SES-002581,VIS-0280,2023-12-09,14.0,False
SES-000260,VIS-0031,2024-04-30,6.0,False
SES-002777,VIS-0300,2023-06-22,11.0,False
SES-001298,VIS-0140,2024-03-10,16.0,False
SES-003765,VIS-0403,2023-06-06,7.0,False
SES-000614,VIS-0069,2023-06-06,9.0,False
SES-002318,VIS-0254,2024-01-27,10.0,False
SES-000475,VIS-0055,2023-09-29,2.0,True
SES-001296,VIS-0140,2024-03-02,18.0,True
SES-003972,VIS-0427,2024-01-14,15.0,True
SES-003953,VIS-0424,2023-09-27,1.0,False
SES-001542,VIS-0168,2023-06-13,2.0,False
SES-003901,VIS-0420,2024-03-08,5.0,True
SES-000365,VIS-0042,2024-04-10,1.0,False
SES-001373,VIS-0150,2023-09-21,4.0,False
SES-000517,VIS-0059,2024-02-14,15.0,False
SES-002002,VIS-0218,2023-06-23,15.0,True
SES-000232,VIS-0026,2023-08-10,2.0,False
SES-003219,VIS-0345,2024-01-07,19.0,False
SES-001595,VIS-0174,2023-09-16,6.0,False
SES-003155,VIS-0339,2023-10-14,4.0,False
SES-002169,VIS-0236,2023-06-14,5.0,False
SES-001105,VIS-0121,2024-04-10,1.0,False
SES-003556,VIS-0381,2023-06-09,9.0,True
SES-004005,VIS-0430,2024-01-07,3.0,False
SES-001972,VIS-0215,2023-09-09,7.0,False
SES-001988,VIS-0217,2023-06-02,5.0,True
SES-000930,VIS-0103,2024-04-15,15.0,True
SES-000235,VIS-0027,2024-03-11,7.0,False
SES-002029,VIS-0221,2023-08-27,1.0,True
SES-001954,VIS-0213,2023-12-28,12.0,True
SES-002373,VIS-0260,2024-03-01,7.0,True
SES-000608,VIS-0069,2024-05-08,8.0,False
SES-003720,VIS-0399,2024-06-22,1.0,False
SES-003963,VIS-0426,2024-04-28,1.0,False
SES-000219,VIS-0025,2024-01-22,3.0,True
SES-002208,VIS-0242,2024-02-13,4.0,False
SES-003634,VIS-0391,2023-11-09,13.0,False
SES-000042,VIS-0004,2024-03-11,11.0,False
SES-003660,VIS-0393,2024-06-26,2.0,False
SES-002644,VIS-0286,2024-01-29,12.0,False
SES-003870,VIS-0416,2023-12-08,13.0,False
SES-000392,VIS-0045,2024-02-29,6.0,True
SES-002653,VIS-0287,2023-06-26,17.0,False
SES-001364,VIS-0149,2024-05-29,21.0,False
SES-002212,VIS-0242,2023-10-15,1.0,False
SES-001614,VIS-0176,2024-05-22,7.0,False
SES-000932,VIS-0103,2023-09-23,15.0,False
SES-000832,VIS-0092,2024-06-16,10.0,False
SES-004000,VIS-0430,2024-03-26,1.0,False
SES-003604,VIS-0387,2023-11-15,9.0,True
SES-003719,VIS-0399,2024-01-23,3.0,False
SES-002642,VIS-0286,2023-09-26,18.0,False
SES-003876,VIS-0417,2023-06-22,5.0,False
SES-003190,VIS-0343,2023-11-23,8.0,True
SES-000811,VIS-0090,2024-03-04,3.0,False
SES-003833,VIS-0411,2023-09-04,13.0,False
SES-002459,VIS-0269,2024-06-22,14.0,False
SES-003974,VIS-0427,2024-05-20,12.0,False
SES-003713,VIS-0398,2023-09-22,12.0,False
SES-002566,VIS-0278,2024-01-17,22.0,False
SES-002807,VIS-0303,2023-12-08,2.0,True
SES-003846,VIS-0413,2023-12-22,5.0,False
SES-002800,VIS-0302,2024-01-15,2.0,False
SES-000698,VIS-0078,2024-03-10,6.0,False
SES-000478,VIS-0055,2023-10-09,1.0,False
SES-003811,VIS-0409,2023-10-09,8.0,True
SES-003505,VIS-0377,2024-05-14,9.0,False
SES-000460,VIS-0052,2023-11-17,1.0,False
SES-002458,VIS-0269,2023-08-23,10.0,True
SES-000038,VIS-0004,2024-03-31,9.0,False
SES-001910,VIS-0208,2024-01-31,13.0,False
SES-001511,VIS-0165,2023-10-17,4.0,True
SES-003677,VIS-0395,2024-01-10,7.0,True
SES-000958,VIS-0106,2023-10-20,9.0,False
SES-002320,VIS-0254,2024-06-22,10.0,False
SES-000079,VIS-0008,2024-03-19,8.0,False
SES-003524,VIS-0379,2024-03-25,7.0,False
SES-003631,VIS-0390,2023-10-05,13.0,False
SES-001920,VIS-0209,2024-02-18,4.0,False
SES-000606,VIS-0069,2024-03-04,12.0,False
SES-000116,VIS-0013,2023-07-28,8.0,False
SES-000025,VIS-0002,2023-09-04,7.0,False
SES-000532,VIS-0060,2023-08-07,1.0,False
SES-001876,VIS-0203,2023-09-18,18.0,True
SES-003555,VIS-0381,2024-05-23,4.0,False
SES-001707,VIS-0186,2024-01-15,11.0,False
SES-000562,VIS-0063,2024-01-30,8.0,False
SES-000742,VIS-0083,2024-01-26,14.0,True
SES-004009,VIS-0431,2023-10-16,12.0,False
SES-002193,VIS-0240,2023-06-30,3.0,False
SES-001488,VIS-0163,2024-02-29,1.0,False
SES-000855,VIS-0094,2023-06-12,2.0,True
SES-003935,VIS-0423,2023-11-20,13.0,False
SES-002338,VIS-0256,2024-06-15,7.0,False
SES-000823,VIS-0091,2024-05-10,5.0,True
SES-001207,VIS-0131,2024-01-18,1.0,True
SES-003437,VIS-0369,2023-12-15,5.0,True
SES-001319,VIS-0143,2024-03-30,5.0,False
SES-003491,VIS-0375,2024-04-03,1.0,False
SES-003543,VIS-0380,2024-06-16,4.0,False
SES-000259,VIS-0030,2023-07-13,9.0,False
SES-001969,VIS-0214,2023-08-27,9.0,False
SES-002323,VIS-0255,2023-06-03,2.0,False
SES-001654,VIS-0181,2023-09-25,1.0,False
SES-004006,VIS-0430,2024-06-01,4.0,True
SES-002150,VIS-0235,2024-05-19,11.0,False
SES-002754,VIS-0297,2024-03-09,5.0,False
SES-000071,VIS-0008,2023-10-08,7.0,False
SES-004023,VIS-0433,2023-07-01,14.0,True
SES-000311,VIS-0036,2023-11-21,-27.504222660932403,False
SES-003416,VIS-0367,2024-02-26,5.0,False
SES-000599,VIS-0068,2024-04-15,13.0,True
SES-003374,VIS-0361,2023-07-09,4.0,True
SES-002699,VIS-0292,2023-12-31,15.0,True
SES-002146,VIS-0234,2023-12-13,1.0,True
SES-002068,VIS-0225,2023-06-12,11.0,False
SES-003332,VIS-0357,2023-07-07,1.0,False
SES-002912,VIS-0314,2023-12-27,16.0,False
SES-000103,VIS-0011,2024-04-16,1.0,False
SES-000624,VIS-0070,2024-01-01,4.0,False
SES-003573,VIS-0383,2023-11-19,7.0,False
SES-003916,VIS-0421,2023-10-31,13.0,False
SES-001249,VIS-0136,2023-09-28,4.0,True
SES-002228,VIS-0245,2023-08-11,8.0,False
SES-000589,VIS-0067,2023-08-10,11.0,False
SES-002081,VIS-0227,2023-11-23,12.0,False
SES-003426,VIS-0368,2024-05-03,1.0,False
SES-001008,VIS-0111,2024-04-09,10.0,False
SES-004031,VIS-0435,2023-07-25,11.0,True
SES-000679,VIS-0076,2024-04-28,5.0,False
SES-002022,VIS-0221,2023-09-25,3.0,False
SES-002314,VIS-0254,2024-02-20,14.0,False
SES-001115,VIS-0122,2023-11-08,13.0,False
SES-002215,VIS-0243,2024-05-19,9.0,False
SES-003182,VIS-0342,2024-06-23,17.0,False
SES-002161,VIS-0236,2023-11-08,13.0,False
SES-001681,VIS-0183,2023-11-21,18.0,False
SES-002620,VIS-0283,2023-10-09,1.0,False
SES-003090,VIS-0332,2024-06-11,1.0,False
SES-002115,VIS-0231,2024-01-05,13.0,False
SES-003335,VIS-0357,2024-06-26,1.0,True
SES-002189,VIS-0239,2024-01-25,3.0,True
SES-001422,VIS-0155,2023-07-22,6.0,False
SES-001333,VIS-0144,2024-04-15,5.0,False
SES-003805,VIS-0409,2024-04-03,9.0,True
SES-003170,VIS-0341,2023-12-30,10.0,False
SES-002657,VIS-0288,2023-10-27,13.0,False
SES-003388,VIS-0363,2024-02-01,8.0,False
SES-001307,VIS-0141,2024-02-16,2.0,False
SES-003978,VIS-0427,2024-03-03,12.0,True
SES-003830,VIS-0411,2023-12-25,14.0,False
SES-000135,VIS-0015,2023-10-11,16.0,False
SES-002928,VIS-0315,2023-10-01,5.0,False
SES-002874,VIS-0310,2023-09-15,10.0,True
SES-000629,VIS-0070,2023-10-19,6.0,False
SES-001415,VIS-0154,2023-10-19,14.0,True
SES-001749,VIS-0190,2023-10-20,12.0,False
SES-002138,VIS-0233,2023-06-10,15.0,False
SES-001706,VIS-0186,2023-11-12,8.0,False
SES-000124,VIS-0013,2023-11-14,8.0,False
SES-000226,VIS-0026,2023-12-11,1.0,True
SES-000256,VIS-0030,2023-11-06,13.0,True
SES-000251,VIS-0029,2023-07-15,1.0,False
SES-000601,VIS-0068,2023-07-01,7.0,True
SES-003832,VIS-0411,2024-01-24,12.0,True
SES-001245,VIS-0135,2024-04-30,2.0,False
SES-001915,VIS-0208,2024-06-27,13.0,True
SES-003537,VIS-0380,2024-02-26,4.0,False
SES-001742,VIS-0190,2024-01-05,12.0,False
SES-002422,VIS-0265,2024-03-06,2.0,False
SES-004044,VIS-0436,2024-06-09,6.0,True
SES-003033,VIS-0326,2024-02-12,23.0,True
SES-003482,VIS-0374,2024-06-17,7.0,False
SES-001218,VIS-0132,2023-11-13,11.0,False
SES-002075,VIS-0226,2023-08-14,9.0,False
SES-000527,VIS-0060,2024-06-02,1.0,False
SES-002920,VIS-0314,2023-07-01,15.0,True
SES-003952,VIS-0424,2023-08-17,1.0,False
SES-002951,VIS-0318,2024-05-05,3.0,False
SES-001423,VIS-0155,2024-01-04,6.0,True
SES-001864,VIS-0202,2023-09-03,6.0,False
SES-000046,VIS-0005,2024-01-02,15.0,False
SES-001986,VIS-0217,2023-06-12,5.0,False
SES-003810,VIS-0409,2023-11-22,7.0,False
SES-003653,VIS-0392,2023-12-31,9.0,False
SES-001859,VIS-0201,2023-06-06,9.0,False
SES-001116,VIS-0122,2023-08-14,19.0,False
SES-001615,VIS-0176,2024-06-15,11.0,False
SES-001484,VIS-0162,2024-02-14,5.0,False
SES-000054,VIS-0005,2024-01-25,18.0,True
SES-000230,VIS-0026,2024-06-12,1.0,False
SES-002604,VIS-0282,2023-07-02,7.0,False
SES-002534,VIS-0276,2023-07-17,5.0,True
SES-003929,VIS-0423,2023-08-05,10.0,False
SES-000769,VIS-0085,2023-09-20,3.0,True
SES-000515,VIS-0058,2024-03-19,6.0,False
SES-002695,VIS-0292,2023-09-24,17.0,False
SES-003574,VIS-0383,2023-09-08,6.0,False
SES-001124,VIS-0122,2023-11-08,13.0,True
SES-000164,VIS-0020,2024-05-05,5.0,True
SES-002072,VIS-0225,2023-08-18,1.0,False
SES-000408,VIS-0046,2023-07-19,19.0,False
SES-002848,VIS-0307,2024-03-18,8.0,False
SES-000524,VIS-0060,2023-07-21,1.0,False
SES-002289,VIS-0251,2024-04-25,5.0,False
SES-000072,VIS-0008,2023-09-18,6.0,False
SES-000847,VIS-0093,2023-08-02,6.0,True
SES-000372,VIS-0043,2023-09-12,12.0,False
SES-002633,VIS-0285,2024-01-27,9.0,False
SES-002662,VIS-0289,2023-09-13,19.0,True
SES-003230,VIS-0346,2023-06-28,1.0,False
SES-003707,VIS-0398,2023-12-19,14.0,False
SES-000506,VIS-0057,2023-11-01,9.0,True
SES-003478,VIS-0374,2024-02-14,6.0,True
SES-000106,VIS-0011,2023-07-24,1.0,False
SES-001929,VIS-0210,2023-10-24,16.0,False
SES-001919,VIS-0209,2024-02-02,3.0,False
SES-002429,VIS-0266,2023-06-28,7.0,True
SES-003879,VIS-0417,2024-04-18,10.0,False
SES-002052,VIS-0223,2024-05-08,5.0,False
SES-001303,VIS-0141,2023-10-19,1.0,True
SES-002483,VIS-0271,2024-06-23,12.0,True
SES-003538,VIS-0380,2024-04-29,12.0,False
SES-000539,VIS-0061,2024-03-29,14.0,False
SES-000482,VIS-0055,2024-05-08,4.0,False
SES-000852,VIS-0094,2023-08-15,1.0,False
SES-001159,VIS-0126,2024-01-08,11.0,False
SES-003617,VIS-0388,2024-01-25,6.0,False
SES-000765,VIS-0085,2024-05-30,5.0,False
SES-000804,VIS-0089,2024-06-24,10.0,False
SES-003321,VIS-0356,2024-04-21,7.0,False
SES-003968,VIS-0427,2024-02-17,18.0,False
SES-002423,VIS-0266,2024-03-06,12.0,True
SES-000985,VIS-0108,2023-09-15,10.0,False
SES-002505,VIS-0273,2024-06-01,15.0,False
SES-003475,VIS-0373,2024-05-16,9.0,False
SES-003551,VIS-0381,2024-03-26,7.0,True
SES-001082,VIS-0119,2024-01-22,2.0,False
SES-003655,VIS-0392,2023-12-25,12.0,False
SES-001999,VIS-0218,2023-06-27,9.0,False
SES-002696,VIS-0292,2023-08-31,11.0,False
SES-000300,VIS-0035,2024-02-04,2.0,False
SES-002924,VIS-0315,2024-02-01,8.0,False
SES-001686,VIS-0184,2024-04-20,17.0,False
SES-003001,VIS-0322,2024-06-26,10.0,True
SES-004038,VIS-0435,2024-04-21,14.0,False
SES-002960,VIS-0319,2024-03-26,1.0,False
SES-001781,VIS-0194,2023-10-02,7.0,False
SES-001782,VIS-0194,2023-07-06,12.0,False
SES-001949,VIS-0212,2023-09-08,4.0,False
SES-002250,VIS-0247,2024-02-02,3.0,True
SES-003992,VIS-0429,2023-08-13,4.0,True
SES-002826,VIS-0304,2023-07-27,3.0,False
SES-001184,VIS-0128,2024-06-19,14.0,False
SES-002383,VIS-0262,2023-11-05,5.0,False
SES-002651,VIS-0287,2023-06-17,19.0,False
SES-000180,VIS-0021,2023-09-16,3.0,True
SES-002646,VIS-0286,2023-10-04,19.0,False
SES-003839,VIS-0412,2024-02-01,1.0,True
SES-002753,VIS-0297,2024-02-19,3.0,True
SES-003813,VIS-0409,2024-03-04,7.0,False
SES-003315,VIS-0355,2024-01-19,3.0,True
SES-001544,VIS-0168,2024-02-12,2.0,True
SES-002805,VIS-0303,2024-06-16,2.0,False
SES-000516,VIS-0059,2023-07-22,19.0,False
SES-002104,VIS-0229,2023-06-09,1.0,True
SES-002880,VIS-0311,2023-08-15,4.0,True
SES-000298,VIS-0035,2023-11-08,6.0,False
SES-000782,VIS-0086,2024-02-25,12.0,False
SES-001933,VIS-0211,2023-07-22,1.0,False
SES-003942,VIS-0424,2023-08-09,1.0,False
SES-001532,VIS-0167,2024-06-11,1.0,False
SES-001294,VIS-0140,2023-11-20,14.0,True
SES-001867,VIS-0202,2024-04-27,10.0,True
SES-001316,VIS-0143,2023-08-19,11.0,True
SES-002182,VIS-0238,2023-06-08,17.0,False
SES-001137,VIS-0124,2023-07-10,1.0,True
SES-000503,VIS-0057,2023-10-17,10.0,False
SES-001320,VIS-0143,2024-03-19,7.0,False
SES-000294,VIS-0035,2024-04-22,2.0,False
SES-002959,VIS-0319,2023-06-17,1.0,True
SES-001284,VIS-0139,2023-11-22,1.0,True
SES-001094,VIS-0120,2023-08-10,13.0,False
SES-002418,VIS-0265,2024-04-29,6.0,False
SES-000954,VIS-0106,2023-09-25,11.0,False
SES-002159,VIS-0235,2024-04-10,10.0,False
SES-000519,VIS-0059,2023-10-03,17.0,False
SES-003278,VIS-0351,2023-11-10,1.0,False
SES-001407,VIS-0154,2024-06-18,8.0,False
SES-002822,VIS-0304,2023-07-23,1.0,True
SES-002359,VIS-0259,2024-01-28,1.0,True
SES-001191,VIS-0129,2024-02-24,7.0,False
SES-003261,VIS-0350,2023-10-26,13.0,False
SES-003809,VIS-0409,2024-05-12,15.0,True
SES-000234,VIS-0027,2024-02-06,8.0,True
SES-000407,VIS-0046,2023-11-16,21.0,False
SES-002326,VIS-0255,2023-08-11,2.0,True
SES-001019,VIS-0112,2023-09-02,10.0,False
SES-000138,VIS-0015,2023-06-04,10.0,False
SES-003680,VIS-0395,2023-12-13,10.0,False
SES-003065,VIS-0330,2023-12-26,1.0,False
SES-003540,VIS-0380,2023-09-09,5.0,False
SES-000828,VIS-0091,2024-01-21,11.0,True
SES-003049,VIS-0329,2023-06-20,3.0,False
SES-002074,VIS-0225,2023-07-18,3.0,False
SES-003656,VIS-0392,2024-03-21,13.0,True
SES-002035,VIS-0222,2024-05-23,8.0,True
SES-001717,VIS-0188,2024-04-29,4.0,False
SES-002163,VIS-0236,2024-01-11,10.0,True
SES-000473,VIS-0055,2023-08-28,1.0,True
SES-000155,VIS-0018,2023-12-28,9.0,False
SES-000688,VIS-0077,2024-03-10,12.0,False
SES-003095,VIS-0333,2024-03-23,1.0,False
SES-001803,VIS-0196,2023-09-24,1.0,False
SES-003800,VIS-0408,2024-04-12,10.0,False
SES-001291,VIS-0140,2024-01-30,15.0,False
SES-000315,VIS-0036,2023-11-06,6.0,False
SES-002963,VIS-0319,2023-09-14,1.0,False
SES-002460,VIS-0269,2023-07-22,10.0,True
SES-002252,VIS-0247,2024-03-21,3.0,True
SES-002589,VIS-0281,2024-06-25,2.0,False
SES-002442,VIS-0267,2023-12-24,1.0,False
SES-000514,VIS-0058,2024-05-22,4.0,True
SES-001430,VIS-0156,2024-06-16,8.0,False
SES-004029,VIS-0435,2023-10-01,8.0,False
SES-001853,VIS-0200,2023-07-11,14.0,False
SES-002501,VIS-0272,2024-02-21,17.0,False
SES-000153,VIS-0018,2023-10-10,11.0,False
SES-000980,VIS-0108,2023-06-14,7.0,True
SES-000776,VIS-0085,2023-06-29,3.0,False
SES-004012,VIS-0432,2023-09-25,2.0,False
SES-001748,VIS-0190,2023-09-08,9.0,False
SES-002101,VIS-0229,2023-11-13,5.0,False
SES-001643,VIS-0179,2023-07-18,5.0,False
SES-003742,VIS-0401,2024-03-13,17.0,False
SES-002988,VIS-0321,2024-04-25,15.0,False
SES-000662,VIS-0074,2023-07-21,25.824102572245742,False
SES-003173,VIS-0341,2024-01-23,5.0,True
SES-002441,VIS-0267,2024-03-15,1.0,False
SES-003289,VIS-0353,2023-12-24,1.0,False
SES-000493,VIS-0056,2024-06-05,9.0,False
SES-003298,VIS-0354,2024-05-12,9.0,True
SES-000363,VIS-0042,2023-08-18,1.0,False
SES-003438,VIS-0369,2024-05-19,1.0,True
SES-002195,VIS-0240,2023-12-28,2.0,True
SES-002111,VIS-0230,2023-11-08,1.0,False
SES-002510,VIS-0273,2024-02-14,20.0,False
SES-001361,VIS-0148,2023-06-24,16.0,False
SES-003187,VIS-0343,2023-11-02,10.0,False
SES-002194,VIS-0240,2023-09-11,1.0,False
SES-001639,VIS-0179,2023-08-24,1.0,False
SES-000654,VIS-0073,2023-10-13,7.0,False
SES-001185,VIS-0128,2024-03-08,17.0,False
SES-001620,VIS-0177,2023-10-27,1.0,False
SES-000128,VIS-0014,2023-10-31,12.0,True
SES-001700,VIS-0185,2024-03-27,1.0,True
SES-002784,VIS-0301,2023-07-01,3.0,False
SES-000851,VIS-0094,2023-08-30,1.0,True
SES-001123,VIS-0122,2024-04-29,16.0,True
SES-000444,VIS-0050,2023-12-09,4.0,False
SES-001374,VIS-0150,2024-04-07,5.0,True
SES-002504,VIS-0273,2024-01-23,17.0,False
SES-000675,VIS-0075,2024-02-15,15.0,True
SES-002992,VIS-0322,2023-07-10,12.0,True
SES-001512,VIS-0165,2024-05-11,7.0,False
SES-001457,VIS-0159,2023-06-16,9.0,False
SES-001452,VIS-0158,2023-10-02,13.0,True
SES-003353,VIS-0359,2023-12-09,3.0,True
SES-001414,VIS-0154,2024-05-22,4.0,False
SES-002629,VIS-0285,2024-06-13,6.0,False
SES-000972,VIS-0107,2024-05-04,10.0,False
SES-002940,VIS-0317,2024-04-09,11.0,False
SES-001016,VIS-0112,2024-03-09,5.0,True
SES-002767,VIS-0299,2023-10-02,9.0,False
SES-003241,VIS-0347,2024-01-26,12.0,False
SES-002401,VIS-0263,2024-04-16,2.0,True
SES-000573,VIS-0064,2023-08-09,9.0,False
SES-003020,VIS-0325,2024-04-10,6.0,True
SES-001125,VIS-0122,2024-05-04,10.0,False
SES-003265,VIS-0350,2024-03-15,10.0,False
SES-002603,VIS-0282,2023-06-10,7.0,True
SES-000965,VIS-0106,2023-08-08,9.0,False
SES-002943,VIS-0317,2024-02-16,7.0,False
SES-002937,VIS-0316,2024-01-09,10.0,True
SES-002601,VIS-0282,2024-03-16,6.0,False
SES-000707,VIS-0079,2024-01-28,4.0,True
SES-001967,VIS-0214,2023-10-25,8.0,True
SES-002628,VIS-0285,2024-02-09,11.0,False
SES-002175,VIS-0237,2024-01-10,2.0,True
SES-003376,VIS-0362,2023-11-26,2.0,False
SES-002829,VIS-0305,2023-07-01,11.0,False
SES-001841,VIS-0199,2023-06-23,10.0,False
SES-003496,VIS-0376,2024-01-12,7.0,False
SES-001927,VIS-0209,2024-06-28,1.0,False
SES-002145,VIS-0234,2023-11-16,1.0,False
SES-000291,VIS-0034,2024-05-09,2.0,False
SES-001205,VIS-0131,2024-03-05,1.0,True
SES-000891,VIS-0098,2024-05-10,5.0,False
SES-003834,VIS-0412,2024-03-31,1.0,True
SES-003741,VIS-0401,2024-06-28,17.0,False
SES-000067,VIS-0008,2023-12-25,5.0,True
SES-001504,VIS-0164,2024-03-16,2.0,False
SES-001880,VIS-0204,2023-12-24,8.0,False
SES-002301,VIS-0253,2024-06-05,9.0,False
SES-001301,VIS-0141,2023-06-19,3.0,False
SES-002026,VIS-0221,2023-11-16,2.0,False
SES-003212,VIS-0345,2023-09-14,21.0,False
SES-003954,VIS-0425,2023-12-28,12.0,True
SES-003136,VIS-0337,2023-07-26,1.0,False
SES-000097,VIS-0011,2024-05-12,1.0,False
SES-003516,VIS-0378,2024-02-16,1.0,False
SES-003354,VIS-0359,2023-10-30,2.0,False
SES-001469,VIS-0161,2023-08-07,1.0,False
SES-002693,VIS-0292,2024-06-19,16.0,False
SES-003274,VIS-0351,2024-04-26,2.0,False
SES-000715,VIS-0080,2024-03-11,3.0,True
SES-003533,VIS-0380,2023-07-09,6.0,True
SES-001578,VIS-0172,2024-05-07,3.0,False
SES-001062,VIS-0116,2023-07-25,10.0,False
SES-001947,VIS-0212,2024-03-18,7.0,False
SES-003091,VIS-0332,2023-06-30,2.0,False
SES-001130,VIS-0123,2024-05-11,22.0,False
SES-003456,VIS-0371,2023-08-17,15.0,False
SES-003327,VIS-0357,2023-07-23,1.0,False
SES-002836,VIS-0305,2024-06-07,8.0,False
SES-000306,VIS-0035,2024-01-26,7.0,True
SES-002273,VIS-0249,2023-12-07,5.0,False
SES-003364,VIS-0360,2024-04-07,16.0,False
SES-003969,VIS-0427,2024-01-12,14.0,False
SES-001226,VIS-0133,2024-05-29,13.0,False
SES-003691,VIS-0397,2024-05-08,14.0,False
SES-003838,VIS-0412,2023-06-09,1.0,False
SES-003873,VIS-0417,2023-07-27,8.0,True
SES-003069,VIS-0330,2024-03-07,2.0,True
SES-001621,VIS-0177,2023-06-04,1.0,False
SES-001660,VIS-0181,2024-03-07,4.0,False
SES-002236,VIS-0245,2024-02-23,5.0,False
SES-002873,VIS-0309,2023-11-09,-24.702057332327154,False
SES-003362,VIS-0360,2023-09-03,8.0,True
SES-002690,VIS-0291,2023-12-31,2.0,False
SES-003401,VIS-0364,2024-04-10,10.0,False
SES-003207,VIS-0344,2024-01-23,11.0,True
SES-002217,VIS-0243,2024-02-10,12.0,False
SES-001299,VIS-0141,2023-08-21,1.0,False
SES-001443,VIS-0157,2024-01-26,14.0,False
SES-000643,VIS-0071,2024-06-22,5.0,False
SES-003529,VIS-0379,2024-02-07,8.0,False
SES-002881,VIS-0311,2024-06-26,1.0,False
SES-001966,VIS-0214,2024-03-06,5.0,False
SES-000552,VIS-0062,2023-10-30,12.0,False
SES-000416,VIS-0047,2024-06-24,3.0,True
SES-002674,VIS-0289,2023-10-04,22.0,True
SES-001173,VIS-0127,2024-01-26,12.0,False
SES-001408,VIS-0154,2023-07-11,9.0,False
SES-003466,VIS-0372,2023-11-21,3.0,False
SES-000848,VIS-0093,2024-01-06,2.0,True
SES-003300,VIS-0354,2024-01-06,8.0,False
SES-000564,VIS-0063,2023-11-11,7.0,False
SES-000821,VIS-0091,2024-06-11,4.0,False
SES-002472,VIS-0270,2024-02-09,15.0,True
SES-003104,VIS-0334,2024-02-06,9.0,False
SES-001261,VIS-0137,2023-12-21,15.0,False
SES-001028,VIS-0113,2023-11-14,11.0,True
SES-002038,VIS-0222,2023-12-15,6.0,True
SES-002315,VIS-0254,2024-05-15,14.0,True
SES-001024,VIS-0113,2024-06-16,12.0,False
SES-000702,VIS-0079,2024-02-11,1.0,False
SES-000272,VIS-0032,2023-08-15,16.0,False
SES-001699,VIS-0185,2023-10-29,1.0,False
SES-002476,VIS-0270,2024-03-27,12.0,True
SES-000112,VIS-0012,2023-06-03,20.0,False
SES-001447,VIS-0158,2024-05-26,12.0,False
SES-002275,VIS-0249,2024-06-05,11.0,False
SES-003645,VIS-0391,2024-06-29,8.0,False
SES-001216,VIS-0132,2023-11-09,6.0,False
SES-002549,VIS-0277,2023-09-01,15.0,False
SES-003345,VIS-0358,2024-02-28,17.0,True
SES-002985,VIS-0321,2024-04-25,39.415237272851286,False
SES-003693,VIS-0397,2023-09-25,9.0,False
SES-003627,VIS-0390,2023-08-24,6.0,True
SES-003391,VIS-0363,2023-11-01,15.0,False
SES-000030,VIS-0003,2023-10-05,9.0,False
SES-000716,VIS-0080,2023-06-12,6.0,False
SES-001670,VIS-0182,2023-08-31,1.0,False
SES-002432,VIS-0267,2023-08-18,3.0,False
SES-000755,VIS-0084,2023-07-22,17.0,False
SES-000618,VIS-0069,2023-09-25,12.0,False
SES-002306,VIS-0253,2024-04-18,9.0,False
SES-001795,VIS-0195,2023-06-28,18.0,True
SES-002870,VIS-0309,2023-12-27,6.0,False
SES-003671,VIS-0394,2024-05-29,3.0,False
SES-001109,VIS-0121,2024-01-12,2.0,False
SES-002129,VIS-0232,2023-12-22,5.0,True
SES-003902,VIS-0420,2023-11-05,13.0,False
SES-001760,VIS-0192,2024-04-22,9.0,False
SES-002518,VIS-0274,2023-09-05,3.0,False
SES-002342,VIS-0256,2024-01-19,11.0,False
SES-003624,VIS-0389,2023-09-21,3.0,False
SES-001737,VIS-0190,2024-02-26,8.0,False
SES-001604,VIS-0175,2024-02-07,1.0,False
SES-003819,VIS-0410,2024-04-26,12.0,False
SES-000192,VIS-0023,2024-04-25,16.0,False
SES-002069,VIS-0225,2024-05-15,5.0,False
SES-002816,VIS-0304,2024-05-16,1.0,False
SES-002290,VIS-0252,2024-01-08,6.0,False
SES-003602,VIS-0386,2023-07-22,3.0,False
SES-002956,VIS-0318,2024-04-07,3.0,True
SES-002526,VIS-0275,2024-02-06,7.0,False
SES-001273,VIS-0138,2023-08-16,2.0,False
SES-003121,VIS-0335,2024-04-20,6.0,False
SES-001719,VIS-0188,2024-05-21,2.0,True
SES-001314,VIS-0142,2023-10-11,8.0,False
SES-001463,VIS-0160,2024-04-29,1.0,False
SES-001728,VIS-0189,2023-07-28,19.0,False
SES-001042,VIS-0115,2023-09-18,15.0,False
SES-001839,VIS-0199,2023-12-28,6.0,False
SES-004004,VIS-0430,2024-04-23,1.0,False
SES-003259,VIS-0349,2024-05-25,3.0,False
SES-002728,VIS-0295,2024-01-10,17.0,False
SES-003661,VIS-0393,2023-10-25,4.0,False
SES-002613,VIS-0282,2023-09-05,8.0,False
SES-002680,VIS-0290,2023-08-15,9.0,True
SES-003361,VIS-0360,2024-06-20,12.0,False
SES-003308,VIS-0355,2024-01-22,3.0,True
SES-003019,VIS-0325,2024-03-07,4.0,True
SES-003637,VIS-0391,2024-02-26,8.0,False
SES-000210,VIS-0025,2024-03-20,5.0,True
SES-000598,VIS-0068,2024-03-20,15.0,False
SES-001485,VIS-0162,2024-05-31,10.0,False
SES-001350,VIS-0146,2023-08-14,5.0,False
SES-000168,VIS-0020,2023-09-30,2.0,False
SES-000653,VIS-0073,2024-06-14,8.0,True
SES-000779,VIS-0086,2024-02-27,13.0,False
SES-001212,VIS-0131,2024-04-30,1.0,True
SES-002929,VIS-0315,2024-04-18,8.0,False
SES-001593,VIS-0174,2024-04-05,3.0,False
SES-001419,VIS-0155,2023-06-05,5.0,False
SES-003179,VIS-0342,2023-10-09,10.0,False
SES-001683,VIS-0184,2023-09-26,2.0,False
SES-002377,VIS-0260,2023-09-27,10.0,True
SES-000572,VIS-0064,2024-03-11,9.0,True
SES-003325,VIS-0356,2023-06-16,4.0,True
SES-002970,VIS-0320,2024-05-05,5.0,True
SES-003267,VIS-0350,2024-06-29,9.0,True
SES-003366,VIS-0360,2023-07-24,13.0,False
SES-003080,VIS-0331,2024-03-26,10.0,False
SES-003027,VIS-0326,2023-10-14,22.0,False
SES-000559,VIS-0063,2024-04-24,6.0,True
SES-000680,VIS-0076,2024-02-02,8.0,False
SES-003233,VIS-0346,2024-04-20,1.0,False
SES-001868,VIS-0202,2024-06-21,7.0,False
SES-002507,VIS-0273,2023-08-24,15.0,False
SES-002983,VIS-0321,2023-10-04,11.0,False
SES-000906,VIS-0100,2023-11-04,7.0,False
SES-003489,VIS-0375,2024-01-15,2.0,False
SES-000625,VIS-0070,2023-12-21,8.0,False
SES-001959,VIS-0213,2023-10-14,6.0,False
SES-000237,VIS-0027,2023-10-28,6.0,False
SES-003457,VIS-0371,2024-05-12,13.0,False
SES-001530,VIS-0167,2024-04-23,2.0,False
SES-001382,VIS-0151,2023-07-08,5.0,False
SES-000074,VIS-0008,2024-06-05,8.0,True
SES-001572,VIS-0171,2024-01-24,5.0,True
SES-001990,VIS-0217,2023-06-06,4.0,False
SES-002141,VIS-0233,2024-06-21,16.0,False
SES-003600,VIS-0386,2023-11-06,5.0,True
SES-000217,VIS-0025,2024-03-03,3.0,True
SES-000320,VIS-0036,2023-12-30,5.0,False
SES-001095,VIS-0120,2023-06-04,13.0,True
SES-001610,VIS-0176,2023-12-28,9.0,True
SES-000902,VIS-0100,2023-10-01,3.0,True
SES-002191,VIS-0239,2023-09-20,5.0,False
SES-003443,VIS-0370,2024-03-26,15.0,False
SES-002482,VIS-0271,2023-09-20,7.0,False
SES-002054,VIS-0223,2023-10-09,4.0,True
SES-000441,VIS-0050,2023-08-04,1.0,False
SES-002857,VIS-0307,2023-06-02,10.0,False
SES-000883,VIS-0098,2023-10-07,1.0,True
SES-001889,VIS-0205,2024-02-11,19.0,True
SES-002067,VIS-0225,2023-10-11,3.0,False
SES-000920,VIS-0101,2023-09-14,11.0,False
SES-003058,VIS-0330,2024-06-10,1.0,True
SES-000050,VIS-0005,2024-05-29,17.0,True
SES-000429,VIS-0048,2024-04-24,3.0,False
SES-003687,VIS-0396,2024-01-02,1.0,False
SES-000574,VIS-0064,2023-12-23,4.0,True
SES-000178,VIS-0021,2023-09-01,7.0,True
SES-002181,VIS-0238,2024-01-17,17.0,False
SES-003307,VIS-0355,2024-06-19,1.0,False
SES-002118,VIS-0232,2023-09-22,9.0,True
SES-002209,VIS-0242,2023-09-16,3.0,False
SES-001672,VIS-0182,2024-01-31,1.0,False
SES-002756,VIS-0298,2023-08-08,1.0,False
SES-001725,VIS-0188,2023-11-24,2.0,False
SES-001589,VIS-0174,2024-01-23,1.0,False
SES-003384,VIS-0363,2023-10-24,6.0,False
SES-000711,VIS-0079,2024-04-26,6.0,False
SES-000934,VIS-0103,2024-04-17,14.0,False
SES-003061,VIS-0330,2023-09-19,1.0,False
SES-002388,VIS-0262,2023-06-13,4.0,False
SES-001242,VIS-0135,2024-06-04,1.0,False
SES-000422,VIS-0048,2023-08-08,6.0,False
SES-001297,VIS-0140,2023-07-01,13.0,False
SES-003299,VIS-0354,2023-11-11,6.0,False
SES-000592,VIS-0067,2024-02-23,10.0,True
SES-003026,VIS-0326,2024-01-28,23.0,False
SES-000282,VIS-0033,2024-02-25,5.0,True
SES-003611,VIS-0387,2023-07-16,14.0,False
SES-002542,VIS-0276,2024-01-18,6.0,False
SES-003912,VIS-0421,2023-08-12,12.0,True
SES-002419,VIS-0265,2024-06-24,3.0,False
SES-000264,VIS-0031,2023-11-22,10.0,False
SES-001692,VIS-0184,2024-01-25,3.0,True
SES-003228,VIS-0346,2024-05-16,1.0,False
SES-002403,VIS-0264,2024-04-26,14.0,False
SES-000663,VIS-0074,2023-11-04,7.0,False
SES-001360,VIS-0148,2024-05-13,10.0,False
SES-003343,VIS-0358,2024-05-03,17.0,False
SES-000873,VIS-0096,2023-08-28,6.0,False
SES-003829,VIS-0411,2023-07-30,17.0,False
SES-001723,VIS-0188,2024-05-20,6.0,True
SES-000309,VIS-0036,2024-06-27,6.0,False
SES-000895,VIS-0099,2023-06-29,7.0,False
SES-001840,VIS-0199,2024-03-03,7.0,False
SES-003428,VIS-0368,2023-06-12,1.0,False
SES-001788,VIS-0195,2024-03-03,15.0,False
SES-001217,VIS-0132,2024-05-30,5.0,True
SES-001035,VIS-0114,2024-04-06,11.0,True
SES-001521,VIS-0166,2023-11-05,1.0,True
SES-003597,VIS-0386,2023-09-19,7.0,False
SES-002043,VIS-0222,2023-09-06,9.0,False
SES-001834,VIS-0198,2023-11-20,2.0,False
SES-001076,VIS-0118,2024-05-15,8.0,True
SES-002360,VIS-0259,2023-08-17,1.0,False
SES-003686,VIS-0396,2023-12-31,1.0,False
SES-000292,VIS-0034,2024-05-25,1.0,False
SES-003877,VIS-0417,2023-11-04,8.0,False
SES-000890,VIS-0098,2023-06-29,3.0,False
SES-001529,VIS-0167,2024-03-22,2.0,True
SES-002260,VIS-0248,2024-01-29,17.0,False
SES-001281,VIS-0139,2023-11-12,5.0,True
SES-001278,VIS-0139,2024-05-22,2.0,True
SES-000929,VIS-0103,2024-06-24,19.0,False
SES-002733,VIS-0295,2023-12-17,14.0,True
SES-002207,VIS-0242,2024-03-24,20.419463120011827,False
SES-002841,VIS-0305,2023-10-14,9.0,False
SES-000745,VIS-0083,2023-10-24,20.0,False
SES-001169,VIS-0126,2023-11-17,12.0,False
SES-000031,VIS-0004,2024-04-20,10.0,False
SES-002004,VIS-0218,2023-08-18,9.0,False
SES-002697,VIS-0292,2023-11-13,15.0,False
SES-003579,VIS-0383,2023-06-04,3.0,False
SES-000588,VIS-0066,2023-12-06,1.0,False
SES-003406,VIS-0365,2024-05-10,8.0,False
SES-003526,VIS-0379,2023-12-23,15.0,False
SES-003891,VIS-0419,2023-12-13,13.0,True
SES-000860,VIS-0095,2024-05-09,13.0,False
SES-002659,VIS-0288,2023-09-12,12.0,True
SES-000393,VIS-0045,2024-02-04,8.0,True
SES-001871,VIS-0202,2023-10-04,8.0,False
SES-001383,VIS-0151,2024-02-26,5.0,False
SES-000047,VIS-0005,2023-12-13,17.0,True
SES-003710,VIS-0398,2023-10-20,15.0,False
SES-002337,VIS-0256,2023-08-06,14.0,False
SES-001714,VIS-0187,2023-11-28,1.0,False
SES-001136,VIS-0123,2024-03-02,17.0,False
SES-003046,VIS-0329,2024-06-20,9.0,True
SES-003979,VIS-0427,2024-02-03,17.0,True
SES-003111,VIS-0334,2024-05-14,36.53772038209074,False
SES-001739,VIS-0190,2024-04-28,15.0,True
SES-001305,VIS-0141,2024-06-24,5.0,False
SES-000568,VIS-0064,2023-06-03,2.0,False
SES-002148,VIS-0235,2023-11-19,6.0,True
SES-001590,VIS-0174,2023-11-07,3.0,False
SES-001391,VIS-0152,2023-09-12,9.0,False
SES-002596,VIS-0281,2023-08-23,4.0,False
SES-002896,VIS-0312,2023-08-03,23.0,False
SES-002821,VIS-0304,2023-12-06,1.0,False
SES-002091,VIS-0228,2023-09-29,16.0,True
SES-000673,VIS-0075,2023-06-04,13.0,True
SES-000240,VIS-0028,2023-06-16,4.0,False
SES-000339,VIS-0039,2024-04-16,6.0,False
SES-003852,VIS-0414,2023-12-15,1.0,False
SES-000160,VIS-0019,2024-01-23,8.0,False
SES-003094,VIS-0332,2023-08-20,1.0,True
SES-000587,VIS-0066,2024-02-29,5.0,True
SES-001963,VIS-0214,2023-06-07,1.0,False
SES-002882,VIS-0311,2024-03-26,1.0,False
SES-003922,VIS-0422,2024-03-08,14.0,False
SES-002106,VIS-0229,2024-03-10,4.0,False
SES-003550,VIS-0381,2023-06-28,11.0,False
SES-002370,VIS-0260,2024-04-13,8.0,False
SES-000483,VIS-0055,2024-04-04,1.0,False
SES-003051,VIS-0329,2024-06-13,-25.62770686562609,False
SES-001444,VIS-0158,2024-01-13,14.0,False
SES-003520,VIS-0379,2023-07-18,9.0,False
SES-001084,VIS-0119,2023-12-23,1.0,False
SES-001083,VIS-0119,2024-01-27,1.0,True
SES-001923,VIS-0209,2023-07-07,1.0,True
SES-000731,VIS-0082,2024-05-21,4.0,False
SES-000952,VIS-0106,2023-07-17,8.0,False
SES-003025,VIS-0326,2023-06-10,21.0,False
SES-003441,VIS-0370,2023-08-25,8.0,True
SES-003735,VIS-0401,2023-09-24,17.0,False
SES-001745,VIS-0190,2023-06-05,13.0,False
SES-003862,VIS-0415,2023-09-06,13.0,False
SES-001518,VIS-0166,2023-07-29,1.0,False
SES-002205,VIS-0242,2024-01-29,3.0,False
SES-001546,VIS-0168,2023-09-29,4.0,False
SES-003097,VIS-0333,2024-03-01,1.0,False
SES-000780,VIS-0086,2023-08-07,11.0,False
SES-002869,VIS-0309,2023-10-20,3.0,False
SES-002279,VIS-0250,2024-05-15,3.0,False
SES-002031,VIS-0221,2024-04-02,2.0,True
SES-002176,VIS-0237,2024-05-17,3.0,True
SES-002965,VIS-0319,2023-10-26,1.0,False
SES-000721,VIS-0081,2024-05-29,1.0,True
SES-003012,VIS-0324,2024-05-06,10.0,False
SES-002098,VIS-0229,2024-05-02,3.0,False
SES-000302,VIS-0035,2024-06-16,2.0,True
SES-002887,VIS-0311,2024-06-15,7.0,False
SES-003028,VIS-0326,2024-05-06,20.0,True
SES-003625,VIS-0389,2023-08-01,8.0,False
SES-000385,VIS-0044,2024-06-13,10.0,True
SES-000092,VIS-0010,2024-01-09,14.0,False
SES-000807,VIS-0089,2024-01-18,9.0,False
SES-002180,VIS-0238,2024-03-26,10.0,True
SES-003351,VIS-0359,2024-05-28,8.0,False
SES-002266,VIS-0248,2023-12-11,14.0,False
SES-000583,VIS-0065,2023-11-15,1.0,True
SES-001674,VIS-0183,2023-06-29,15.0,False
SES-002361,VIS-0259,2023-10-28,3.0,False
SES-001570,VIS-0171,2024-01-11,1.0,True
SES-001002,VIS-0110,2023-12-17,18.0,False
SES-003882,VIS-0417,2023-10-27,11.0,False
SES-003709,VIS-0398,2024-05-30,12.0,False
SES-000674,VIS-0075,2023-12-11,14.0,False
SES-003083,VIS-0332,2024-04-04,1.0,False
SES-000150,VIS-0018,2023-07-23,11.0,False
SES-002619,VIS-0283,2023-07-26,6.0,False
SES-002003,VIS-0218,2024-01-10,10.0,False
SES-003472,VIS-0373,2023-08-22,10.0,False
SES-001941,VIS-0211,2024-04-01,3.0,False
SES-003786,VIS-0407,2023-06-16,22.0,False
SES-003370,VIS-0361,2023-10-02,7.0,False
SES-002539,VIS-0276,2024-02-04,6.0,True
SES-003381,VIS-0362,2023-12-19,1.0,True
SES-003418,VIS-0367,2023-09-05,12.0,False
SES-003983,VIS-0428,2023-09-24,7.0,False
SES-002541,VIS-0276,2023-09-07,5.0,False
SES-000824,VIS-0091,2024-06-13,9.0,False
SES-002701,VIS-0292,2024-02-03,10.0,False
SES-002752,VIS-0297,2023-10-13,1.0,False
SES-002683,VIS-0290,2024-04-26,13.0,False
SES-003924,VIS-0422,2023-07-19,9.0,False
SES-001131,VIS-0123,2024-04-15,17.0,False
SES-002516,VIS-0274,2024-01-19,3.0,False
SES-000141,VIS-0016,2024-01-23,12.0,True
SES-001269,VIS-0138,2024-03-04,4.0,False
SES-003788,VIS-0407,2024-01-10,17.0,True
SES-001806,VIS-0196,2023-11-27,4.0,False
SES-001506,VIS-0164,2024-05-26,1.0,False
SES-002037,VIS-0222,2024-03-08,8.0,False
SES-000312,VIS-0036,2023-06-24,4.0,True
SES-000877,VIS-0097,2024-02-21,8.0,True
SES-003473,VIS-0373,2024-04-29,4.0,False
SES-003647,VIS-0392,2023-11-10,14.0,False
SES-001421,VIS-0155,2023-08-02,8.0,False
SES-001842,VIS-0199,2023-09-25,8.0,False
SES-002678,VIS-0290,2023-11-04,12.0,False
SES-002668,VIS-0289,2023-09-15,16.0,False
SES-000868,VIS-0096,2023-11-14,12.0,False
SES-000161,VIS-0019,2024-05-08,6.0,False
SES-003359,VIS-0360,2023-08-26,9.0,True
SES-001179,VIS-0127,2024-05-13,14.0,False
SES-000438,VIS-0049,2024-05-31,10.0,True
SES-001180,VIS-0127,2023-09-26,11.0,False
SES-001049,VIS-0115,2023-06-26,14.0,False
SES-000208,VIS-0024,2023-10-19,2.0,False
SES-002077,VIS-0226,2023-10-11,6.0,False
SES-003297,VIS-0354,2023-07-10,9.0,False
SES-001792,VIS-0195,2023-08-02,19.0,False
SES-000507,VIS-0057,2024-05-24,6.0,False
SES-002450,VIS-0268,2024-04-14,1.0,False
SES-002595,VIS-0281,2024-04-06,4.0,True
SES-001370,VIS-0150,2024-01-22,7.0,True
SES-003011,VIS-0323,2024-02-12,9.0,False
SES-003018,VIS-0325,2023-10-13,5.0,False
SES-001881,VIS-0204,2024-05-26,6.0,False
SES-000772,VIS-0085,2023-10-31,1.0,True
SES-001774,VIS-0194,2023-06-05,12.0,False
SES-000994,VIS-0109,2024-01-31,3.0,True
SES-000650,VIS-0073,2023-06-10,12.0,False
SES-000491,VIS-0056,2023-10-21,6.0,False
SES-002143,VIS-0233,2023-06-06,19.0,False
SES-003485,VIS-0374,2024-03-14,9.0,False
SES-002274,VIS-0249,2024-02-18,11.0,True
SES-000399,VIS-0045,2024-03-17,7.0,False
SES-001428,VIS-0156,2023-12-19,9.0,False
SES-003820,VIS-0410,2023-09-22,14.0,True
SES-002167,VIS-0236,2023-10-05,10.0,True
SES-003739,VIS-0401,2023-06-19,12.0,True
SES-003896,VIS-0419,2023-06-26,22.0,False
SES-001554,VIS-0170,2023-07-23,1.0,True
SES-003855,VIS-0414,2024-05-21,2.0,True
SES-001698,VIS-0185,2023-07-01,5.0,False
SES-000677,VIS-0075,2023-10-08,15.0,False
SES-001435,VIS-0156,2024-05-11,9.0,False
SES-003195,VIS-0343,2023-11-13,10.0,False
SES-002540,VIS-0276,2024-01-27,1.0,True
SES-000689,VIS-0077,2024-06-10,10.0,False
SES-001033,VIS-0113,2023-11-10,8.0,False
SES-001503,VIS-0164,2023-08-15,1.0,False
SES-002334,VIS-0256,2023-10-12,12.0,False
SES-002591,VIS-0281,2023-07-15,5.0,True
SES-002140,VIS-0233,2024-04-30,13.0,False
SES-000457,VIS-0052,2024-03-05,1.0,False
SES-003999,VIS-0430,2024-04-10,4.0,True
SES-002448,VIS-0268,2023-08-07,6.0,True
SES-003812,VIS-0409,2024-01-08,15.0,False
SES-001603,VIS-0175,2023-08-27,3.0,False
SES-000529,VIS-0060,2023-11-24,1.0,False
SES-000928,VIS-0103,2024-05-30,16.0,False
SES-001153,VIS-0125,2024-02-23,8.0,False
SES-001874,VIS-0203,2024-06-18,12.0,False
SES-003760,VIS-0403,2023-07-07,8.0,False
SES-000642,VIS-0071,2024-04-23,6.0,True
SES-000469,VIS-0054,2023-12-16,6.0,True
SES-000577,VIS-0064,2024-01-20,9.0,False
SES-002355,VIS-0258,2024-05-15,5.0,False
SES-000501,VIS-0057,2024-02-22,9.0,False
SES-003461,VIS-0372,2024-01-06,11.0,False
SES-003497,VIS-0377,2024-04-03,7.0,False
SES-002363,VIS-0259,2023-07-09,1.0,False
SES-001904,VIS-0207,2023-09-16,8.0,True
SES-003890,VIS-0419,2023-12-02,13.0,False
SES-003808,VIS-0409,2023-10-16,13.0,False
SES-000917,VIS-0101,2023-07-04,16.0,False
SES-003113,VIS-0335,2023-10-20,6.0,True
SES-001944,VIS-0211,2024-01-27,6.0,True
SES-003183,VIS-0343,2023-06-14,5.0,False
SES-002291,VIS-0252,2023-06-08,7.0,True
SES-003889,VIS-0418,2024-03-23,25.611309270698676,False
SES-001381,VIS-0151,2023-09-19,26.055628442087908,True
SES-002056,VIS-0223,2023-06-22,9.0,False
SES-003360,VIS-0360,2024-01-23,10.0,False
SES-002349,VIS-0257,2023-09-28,7.0,True
SES-001053,VIS-0115,2024-06-09,9.0,True
SES-001783,VIS-0195,2024-02-28,19.0,False
SES-002766,VIS-0299,2023-12-25,4.0,False
SES-000803,VIS-0089,2024-05-22,11.0,False
SES-003431,VIS-0368,2023-11-14,1.0,True
SES-002998,VIS-0322,2023-09-25,9.0,False
SES-003648,VIS-0392,2024-04-23,8.0,True
SES-003522,VIS-0379,2023-06-06,12.0,True
SES-000869,VIS-0096,2024-05-08,9.0,True
SES-001757,VIS-0191,2024-01-07,10.0,False
SES-002374,VIS-0260,2024-05-09,6.0,True
SES-000254,VIS-0030,2023-06-22,14.0,True
SES-003562,VIS-0382,2024-02-25,14.0,False
SES-001253,VIS-0136,2024-01-04,9.0,True
SES-002546,VIS-0277,2024-06-14,15.0,False
SES-001802,VIS-0196,2023-10-10,2.0,False
SES-000301,VIS-0035,2023-11-10,5.0,True
SES-002705,VIS-0292,2023-07-22,11.0,False
SES-001128,VIS-0123,2023-06-08,21.0,False
SES-002183,VIS-0238,2024-01-25,8.0,True
SES-000647,VIS-0072,2024-01-21,10.0,False
SES-003078,VIS-0331,2024-05-23,12.0,False
SES-003434,VIS-0369,2023-06-01,5.0,True
SES-000187,VIS-0022,2024-04-10,4.0,False
SES-001376,VIS-0150,2023-10-03,2.0,False
SES-003927,VIS-0422,2024-06-05,8.0,True
SES-003962,VIS-0426,2024-05-01,1.0,False
SES-002196,VIS-0240,2024-05-23,2.0,False
SES-002254,VIS-0247,2024-04-17,1.0,False
SES-000500,VIS-0057,2023-06-23,13.0,False
SES-001401,VIS-0153,2023-06-04,10.0,False
SES-001280,VIS-0139,2023-09-09,1.0,False
SES-002502,VIS-0272,2023-08-06,12.0,True
SES-000197,VIS-0023,2023-11-01,18.0,False
SES-002131,VIS-0233,2023-11-09,16.0,True
SES-002039,VIS-0222,2024-05-12,4.0,False
SES-001869,VIS-0202,2023-10-03,9.0,False
SES-001798,VIS-0196,2023-09-21,1.0,False
SES-000990,VIS-0109,2023-07-22,8.0,False
SES-001823,VIS-0198,2024-02-17,3.0,False
SES-002710,VIS-0293,2024-06-26,1.0,False
SES-000913,VIS-0101,2023-09-23,16.0,True
SES-002328,VIS-0255,2024-03-13,2.0,False
SES-000505,VIS-0057,2023-07-13,9.0,False
SES-003649,VIS-0392,2023-09-16,16.0,True
SES-002901,VIS-0313,2023-11-10,1.0,False
SES-003778,VIS-0405,2023-09-09,12.0,False
SES-003324,VIS-0356,2023-06-07,7.0,False
SES-001438,VIS-0156,2023-08-25,7.0,False
SES-001170,VIS-0126,2023-09-22,16.0,True
SES-003244,VIS-0348,2024-04-22,1.0,True
SES-003004,VIS-0323,2023-08-19,3.0,False
SES-003782,VIS-0406,2023-08-03,13.0,False
SES-000882,VIS-0098,2023-09-14,1.0,False
SES-000570,VIS-0064,2024-05-05,11.0,False
SES-003420,VIS-0367,2023-06-05,5.0,True
SES-001418,VIS-0155,2024-03-16,5.0,False
SES-000414,VIS-0047,2024-05-04,29.874149129774928,False
SES-003566,VIS-0382,2023-12-18,10.0,True
SES-001746,VIS-0190,2023-11-15,14.0,False
SES-001500,VIS-0164,2023-07-14,2.0,False
SES-000548,VIS-0062,2023-07-07,14.0,False
SES-001759,VIS-0192,2024-04-13,5.0,False
SES-003787,VIS-0407,2023-10-04,9.0,True
SES-003856,VIS-0414,2024-05-11,1.0,False
SES-002757,VIS-0298,2023-11-05,1.0,False
SES-000833,VIS-0092,2024-06-30,10.0,False
SES-001390,VIS-0152,2023-12-28,15.0,True
SES-003507,VIS-0377,2023-10-09,9.0,False
SES-003101,VIS-0334,2024-04-15,5.0,True
SES-003449,VIS-0370,2023-10-17,6.0,False
SES-000324,VIS-0037,2023-08-23,5.0,False
SES-002763,VIS-0298,2024-05-05,1.0,False
SES-000822,VIS-0091,2023-08-21,5.0,False
SES-003139,VIS-0337,2023-09-04,6.0,True
SES-001048,VIS-0115,2023-07-17,11.0,False
SES-003827,VIS-0411,2023-11-02,10.0,False
SES-002939,VIS-0316,2024-04-30,15.0,True
SES-003379,VIS-0362,2024-02-21,3.0,False
SES-002303,VIS-0253,2024-04-10,13.0,False
SES-003552,VIS-0381,2023-12-18,10.0,False
SES-000864,VIS-0095,2024-06-07,12.0,False
SES-001665,VIS-0182,2024-04-18,1.0,True
SES-002090,VIS-0228,2023-09-28,17.0,True
SES-003198,VIS-0344,2023-10-09,11.0,False
SES-000245,VIS-0028,2023-12-08,3.0,False
SES-000941,VIS-0104,2024-05-26,11.0,False
SES-000360,VIS-0042,2024-04-28,1.0,False
SES-002731,VIS-0295,2024-03-22,12.0,False
SES-001498,VIS-0164,2024-03-07,1.0,False
SES-002993,VIS-0322,2023-06-20,13.0,False
SES-000752,VIS-0083,2023-07-22,14.0,True
SES-000648,VIS-0072,2023-12-12,3.0,True
SES-002103,VIS-0229,2023-08-07,1.0,False
SES-000809,VIS-0090,2023-09-19,1.0,False
SES-003771,VIS-0404,2023-09-03,4.0,True
SES-002930,VIS-0315,2023-08-23,6.0,False
SES-002664,VIS-0289,2024-01-18,15.0,True
SES-003996,VIS-0430,2024-04-14,1.0,False
SES-002296,VIS-0252,2023-12-29,15.0,True
SES-003371,VIS-0361,2024-06-18,7.0,False
SES-002579,VIS-0280,2024-03-16,17.0,False
SES-001225,VIS-0133,2023-12-19,10.0,False
SES-002492,VIS-0271,2023-11-10,13.0,True
SES-002009,VIS-0219,2024-06-02,3.0,True
SES-002227,VIS-0244,2024-05-19,11.0,False
SES-002535,VIS-0276,2023-07-22,5.0,True
SES-001734,VIS-0189,2023-10-05,17.0,False
SES-004014,VIS-0432,2024-06-03,1.0,False
SES-001293,VIS-0140,2024-03-31,10.0,False
SES-003477,VIS-0374,2024-01-24,6.0,True
SES-000521,VIS-0059,2023-11-24,13.0,False
SES-001953,VIS-0213,2023-10-05,12.0,True
SES-000281,VIS-0033,2024-05-02,6.0,True
SES-001539,VIS-0168,2023-08-24,5.0,False
SES-001886,VIS-0205,2024-04-21,41.27755768304597,False
SES-002398,VIS-0263,2023-06-11,6.0,False
SES-002128,VIS-0232,2024-06-28,-25.039457386807772,True
SES-003066,VIS-0330,2023-12-14,1.0,True
SES-003528,VIS-0379,2024-06-25,13.0,False
SES-002028,VIS-0221,2023-07-26,4.0,False
SES-001818,VIS-0197,2023-08-25,5.0,False
SES-001039,VIS-0114,2024-06-20,8.0,True
SES-001601,VIS-0175,2023-10-20,2.0,False
SES-001345,VIS-0146,2023-10-09,8.0,False
SES-001524,VIS-0167,2023-07-05,1.0,False
SES-003554,VIS-0381,2023-10-03,5.0,False
SES-003060,VIS-0330,2024-03-24,1.0,False
SES-001926,VIS-0209,2023-07-05,2.0,False
SES-000010,VIS-0001,2023-06-02,10.0,False
SES-001155,VIS-0125,2023-08-08,4.0,True
SES-002981,VIS-0320,2023-09-28,7.0,False
SES-003616,VIS-0388,2024-02-26,4.0,True
SES-002340,VIS-0256,2024-03-22,9.0,False
SES-001816,VIS-0197,2024-01-28,7.0,True
SES-001814,VIS-0197,2023-12-23,12.0,False
SES-000486,VIS-0055,2023-09-25,1.0,False
SES-000635,VIS-0071,2023-10-25,5.0,False
SES-003936,VIS-0423,2023-12-05,16.0,False
SES-001657,VIS-0181,2024-03-04,1.0,False
SES-000189,VIS-0022,2023-11-05,8.0,True
SES-000775,VIS-0085,2023-12-12,3.0,False
SES-000699,VIS-0078,2023-08-06,6.0,False
SES-001658,VIS-0181,2024-05-21,4.0,False
SES-000343,VIS-0040,2024-01-18,11.0,False
SES-001832,VIS-0198,2023-06-16,1.0,False
SES-001163,VIS-0126,2023-06-09,13.0,False
SES-001635,VIS-0178,2024-04-16,9.0,True
SES-001098,VIS-0120,2023-07-31,10.0,False
SES-000108,VIS-0011,2023-07-02,2.0,False
SES-003394,VIS-0364,2023-07-01,12.0,False
SES-002537,VIS-0276,2023-09-08,4.0,False
SES-002050,VIS-0223,2023-07-27,4.0,True
SES-000023,VIS-0002,2023-11-26,5.0,False
SES-000986,VIS-0108,2023-12-26,8.0,True
SES-001743,VIS-0190,2023-06-23,8.0,False
SES-001907,VIS-0207,2024-05-09,11.0,False
SES-001535,VIS-0168,2024-05-20,6.0,True
SES-001691,VIS-0184,2024-04-22,33.156468734395006,False
SES-003679,VIS-0395,2023-12-31,4.0,False
SES-004048,VIS-0437,2024-06-25,4.0,False
SES-002053,VIS-0223,2023-09-28,4.0,False
SES-002237,VIS-0245,2023-12-02,3.0,False
SES-003339,VIS-0358,2024-02-16,18.0,True
SES-002294,VIS-0252,2023-11-03,8.0,True
SES-003938,VIS-0423,2024-06-08,12.0,True
SES-000110,VIS-0012,2024-01-30,18.0,False
SES-002114,VIS-0231,2023-06-07,11.0,False
SES-001209,VIS-0131,2024-03-26,5.0,False
SES-003747,VIS-0402,2024-04-12,7.0,False
SES-002962,VIS-0319,2024-04-13,1.0,True
SES-000961,VIS-0106,2023-08-16,6.0,False
SES-002409,VIS-0265,2024-01-15,6.0,False
SES-003132,VIS-0336,2023-09-15,3.0,True
SES-001922,VIS-0209,2024-05-12,5.0,True
SES-003225,VIS-0346,2023-08-16,1.0,False
SES-000056,VIS-0005,2024-02-12,13.0,False
SES-001516,VIS-0166,2024-06-03,1.0,True
SES-003643,VIS-0391,2023-10-11,8.0,True
SES-003945,VIS-0424,2024-05-11,1.0,True
SES-001274,VIS-0138,2024-01-17,5.0,False
SES-001875,VIS-0203,2023-07-14,13.0,False
SES-001580,VIS-0172,2024-06-18,1.0,True
SES-000118,VIS-0013,2023-10-14,6.0,True
SES-001727,VIS-0188,2024-06-03,3.0,False
SES-001087,VIS-0119,2023-09-11,1.0,False
SES-000884,VIS-0098,2024-01-09,2.0,True
SES-002670,VIS-0289,2024-01-03,21.0,False
SES-002964,VIS-0319,2024-03-26,1.0,True
SES-000540,VIS-0061,2023-10-27,18.0,True
SES-000637,VIS-0071,2023-10-04,4.0,False
SES-001251,VIS-0136,2024-05-04,6.0,False
SES-002142,VIS-0233,2024-01-16,17.0,False
SES-003535,VIS-0380,2024-01-27,9.0,False
SES-003383,VIS-0363,2023-10-19,8.0,False
SES-000065,VIS-0007,2023-12-16,1.0,False
SES-003777,VIS-0405,2024-03-24,14.0,False
SES-003313,VIS-0355,2023-10-17,4.0,False
SES-003294,VIS-0353,2023-08-07,1.0,False
SES-001221,VIS-0133,2023-06-03,12.0,False
SES-003159,VIS-0339,2024-03-03,1.0,False
SES-000280,VIS-0033,2023-12-25,3.0,False
SES-000428,VIS-0048,2023-10-17,7.0,True
SES-002272,VIS-0249,2024-03-14,8.0,False
SES-003122,VIS-0336,2023-06-01,8.0,True
SES-002713,VIS-0293,2024-04-04,1.0,False
SES-002457,VIS-0269,2024-04-24,15.0,False
SES-001491,VIS-0163,2024-05-17,1.0,False
SES-001272,VIS-0138,2023-06-20,4.0,False
SES-000032,VIS-0004,2023-06-23,9.0,False
SES-001100,VIS-0120,2023-06-09,12.0,True
SES-000948,VIS-0105,2024-02-13,1.0,True
SES-002788,VIS-0301,2023-11-25,1.0,False
SES-003357,VIS-0360,2024-04-23,15.0,False
SES-002057,VIS-0224,2024-03-21,1.0,False
SES-003053,VIS-0329,2024-05-27,3.0,False
SES-003685,VIS-0395,2024-02-06,7.0,False
SES-002871,VIS-0309,2024-05-09,6.0,True
SES-003229,VIS-0346,2023-07-08,1.0,False
SES-000892,VIS-0098,2023-09-13,1.0,False
SES-002080,VIS-0226,2024-04-03,4.0,False
SES-000270,VIS-0032,2023-11-22,14.0,False
SES-003703,VIS-0398,2024-04-03,14.0,True
SES-000627,VIS-0070,2024-06-15,4.0,False
SES-001052,VIS-0115,2024-02-28,18.0,False
SES-002923,VIS-0315,2023-06-09,7.0,False
SES-000720,VIS-0081,2023-11-07,1.0,False
SES-000295,VIS-0035,2024-03-13,13.0,True
SES-003498,VIS-0377,2023-07-29,8.0,False
SES-002384,VIS-0262,2024-03-24,6.0,True
SES-003605,VIS-0387,2024-03-31,7.0,False
SES-001403,VIS-0153,2024-01-30,10.0,False
SES-003089,VIS-0332,2024-01-01,6.0,False
SES-002865,VIS-0308,2024-04-20,1.0,True
SES-001591,VIS-0174,2023-07-16,3.0,False
SES-002214,VIS-0243,2023-12-14,15.0,False
SES-000026,VIS-0002,2023-09-13,6.0,False
SES-002922,VIS-0315,2023-11-20,7.0,True
SES-002496,VIS-0272,2024-06-03,11.0,True
SES-000659,VIS-0073,2023-09-05,14.0,False
SES-003705,VIS-0398,2024-03-24,-3.628293863995207,True
SES-002832,VIS-0305,2023-10-25,10.0,True
SES-002271,VIS-0249,2023-11-28,13.0,False
SES-002520,VIS-0275,2024-02-02,3.0,True
SES-000603,VIS-0068,2023-06-07,13.0,False
SES-003448,VIS-0370,2023-11-29,36.40071545760375,False
SES-003519,VIS-0378,2023-07-30,1.0,False
SES-000420,VIS-0048,2023-06-01,6.0,False
SES-002329,VIS-0255,2023-11-25,6.0,True
SES-000034,VIS-0004,2023-10-20,11.0,False
SES-003192,VIS-0343,2023-12-03,8.0,False
SES-000458,VIS-0052,2023-11-24,1.0,False
SES-003721,VIS-0400,2023-07-13,8.0,False
SES-002211,VIS-0242,2023-10-16,8.0,False
SES-003835,VIS-0412,2023-10-19,7.0,False
SES-000534,VIS-0060,2023-11-06,1.0,False
SES-000229,VIS-0026,2024-03-11,1.0,False
SES-001608,VIS-0176,2024-06-24,8.0,False
SES-002688,VIS-0291,2024-01-21,6.0,False
SES-003756,VIS-0402,2023-12-23,5.0,False
SES-000666,VIS-0075,2023-11-15,8.0,True
SES-003973,VIS-0427,2024-05-21,16.0,False
SES-003606,VIS-0387,2023-12-24,8.0,False
SES-001194,VIS-0130,2024-03-24,14.0,False
SES-003331,VIS-0357,2023-07-19,1.0,False
SES-003348,VIS-0358,2024-06-12,19.0,True
SES-002253,VIS-0247,2024-03-14,1.0,True
SES-001309,VIS-0142,2023-11-20,11.0,True
SES-001388,VIS-0152,2023-11-13,10.0,True
SES-000136,VIS-0015,2024-04-23,8.0,False
SES-002677,VIS-0290,2024-01-02,12.0,True
SES-002477,VIS-0270,2024-06-15,14.0,False
SES-002332,VIS-0255,2023-07-07,2.0,False
SES-002565,VIS-0278,2023-06-20,20.0,False
SES-003662,VIS-0394,2023-08-13,3.0,False
SES-002317,VIS-0254,2023-10-29,10.0,False
SES-002351,VIS-0257,2023-12-01,6.0,False
SES-003558,VIS-0382,2023-08-15,10.0,True
SES-000999,VIS-0110,2024-05-14,11.0,False
SES-002300,VIS-0253,2024-06-11,16.0,True
SES-000777,VIS-0085,2024-02-01,8.0,False
SES-002094,VIS-0228,2023-08-25,10.0,False
SES-003959,VIS-0425,2023-12-29,12.0,False
SES-002828,VIS-0304,2023-11-28,1.0,False
SES-001779,VIS-0194,2024-04-18,10.0,True
SES-002590,VIS-0281,2023-10-30,2.0,False
SES-000794,VIS-0088,2024-03-29,3.0,True
SES-001446,VIS-0158,2024-02-09,-14.958910902973496,False
SES-001378,VIS-0151,2024-04-23,1.0,True
SES-001952,VIS-0213,2023-09-11,6.0,False
SES-002820,VIS-0304,2023-11-26,1.0,True
SES-002188,VIS-0239,2024-01-07,7.0,True
SES-002019,VIS-0220,2023-07-29,11.0,False
SES-001167,VIS-0126,2024-03-30,12.0,False
SES-003909,VIS-0420,2023-11-22,29.84630866783894,False
SES-002387,VIS-0262,2023-12-22,4.0,False
SES-003642,VIS-0391,2023-06-24,7.0,True
SES-000146,VIS-0017,2024-04-04,6.0,False
SES-001417,VIS-0154,2024-01-17,6.0,False
SES-001283,VIS-0139,2023-07-04,7.0,False
SES-003792,VIS-0407,2024-05-23,14.0,False
SES-001513,VIS-0165,2024-04-02,9.0,False
SES-002847,VIS-0306,2023-11-03,9.0,True
SES-001913,VIS-0208,2023-09-06,11.0,False
SES-001304,VIS-0141,2024-02-21,1.0,False
SES-000924,VIS-0102,2024-01-12,1.0,False
SES-002732,VIS-0295,2023-08-21,15.0,False
SES-003612,VIS-0388,2024-02-17,5.0,False
SES-004033,VIS-0435,2024-06-13,10.0,True
SES-003433,VIS-0369,2024-04-23,2.0,True
SES-003151,VIS-0338,2023-07-09,16.0,False
SES-003784,VIS-0406,2023-09-30,13.0,False
SES-000678,VIS-0075,2023-07-27,10.0,False
SES-002025,VIS-0221,2023-12-07,1.0,False
SES-002362,VIS-0259,2024-05-16,1.0,False
SES-004001,VIS-0430,2024-06-08,3.0,False
SES-003673,VIS-0394,2024-04-25,7.0,False
SES-003776,VIS-0404,2024-06-22,9.0,False
SES-001796,VIS-0195,2024-02-07,20.0,True
SES-002440,VIS-0267,2023-12-25,1.0,False
SES-003738,VIS-0401,2023-11-22,15.0,True
SES-003034,VIS-0326,2023-09-08,23.0,False
SES-002564,VIS-0278,2023-11-06,17.0,False
SES-000556,VIS-0063,2024-04-22,9.0,False
SES-001631,VIS-0178,2024-03-11,10.0,False
SES-000726,VIS-0081,2023-10-19,3.0,True
SES-003727,VIS-0400,2024-06-18,8.0,False
SES-000730,VIS-0082,2023-08-14,8.0,True
SES-002500,VIS-0272,2024-02-29,16.0,False
SES-001787,VIS-0195,2024-04-02,23.0,False
SES-002133,VIS-0233,2023-07-18,19.0,False
SES-000357,VIS-0042,2023-07-22,1.0,True
SES-002270,VIS-0249,2023-06-26,14.0,False
SES-000732,VIS-0082,2023-10-15,5.0,False
SES-001627,VIS-0177,2024-01-26,1.0,False
SES-001805,VIS-0196,2024-03-10,2.0,False
SES-001017,VIS-0112,2023-07-17,6.0,False
SES-000634,VIS-0071,2024-02-13,1.0,False
SES-003939,VIS-0423,2024-05-13,6.0,False
SES-003378,VIS-0362,2023-10-01,1.0,False
SES-001405,VIS-0153,2024-05-26,8.0,False
SES-002673,VIS-0289,2023-06-08,17.0,False
SES-001588,VIS-0174,2024-03-21,5.0,False
SES-001478,VIS-0161,2023-12-12,3.0,False
SES-000489,VIS-0056,2023-11-16,2.0,False
SES-000665,VIS-0075,2024-02-21,12.0,False
SES-000337,VIS-0039,2023-11-18,8.0,True
SES-000012,VIS-0001,2024-02-12,12.0,False
SES-003044,VIS-0328,2023-12-03,15.0,True
SES-003857,VIS-0415,2023-11-21,9.0,False
SES-003948,VIS-0424,2024-02-19,1.0,False
SES-001059,VIS-0116,2023-06-28,5.0,False
SES-000987,VIS-0109,2023-12-15,5.0,False
SES-000243,VIS-0028,2024-04-04,2.0,False
SES-003057,VIS-0329,2024-03-20,4.0,True
SES-003567,VIS-0382,2024-05-23,13.0,False
SES-001341,VIS-0145,2024-03-10,15.0,True
SES-000203,VIS-0024,2023-12-05,7.0,False
SES-000060,VIS-0006,2024-02-16,7.0,False
SES-002833,VIS-0305,2024-02-12,6.0,False
SES-002269,VIS-0249,2024-01-17,9.0,False
SES-002302,VIS-0253,2024-06-15,14.0,False
SES-001239,VIS-0135,2023-12-02,5.0,True
SES-002866,VIS-0308,2023-08-21,1.0,False
SES-000801,VIS-0089,2024-05-03,11.0,True
SES-002850,VIS-0307,2024-02-23,9.0,False
SES-000829,VIS-0091,2024-01-25,5.0,False
SES-001397,VIS-0153,2023-11-15,11.0,False
SES-003227,VIS-0346,2023-08-31,1.0,False
SES-003711,VIS-0398,2023-07-06,12.0,False
SES-001705,VIS-0185,2024-01-15,2.0,False
SES-001292,VIS-0140,2024-04-24,8.0,False
SES-001334,VIS-0144,2024-03-19,2.0,True
SES-001981,VIS-0217,2023-11-12,5.0,False
SES-001339,VIS-0145,2023-08-26,18.0,False
SES-003914,VIS-0421,2023-09-06,13.0,False
SES-001785,VIS-0195,2024-04-24,19.0,False
SES-001441,VIS-0157,2024-05-14,13.0,False
SES-000351,VIS-0041,2024-05-31,14.0,False
SES-000450,VIS-0051,2024-06-12,4.0,True
SES-002123,VIS-0232,2023-12-24,3.0,False
SES-000293,VIS-0034,2024-02-05,1.0,False
SES-000792,VIS-0088,2023-08-29,2.0,False
SES-002381,VIS-0261,2023-06-23,4.0,True
SES-003081,VIS-0331,2023-09-01,12.0,False
SES-001567,VIS-0171,2024-04-10,2.0,False
SES-003218,VIS-0345,2023-11-18,20.0,True
SES-002797,VIS-0302,2024-05-01,1.0,False
SES-000456,VIS-0052,2024-03-06,1.0,True
SES-001026,VIS-0113,2024-06-25,7.0,True
SES-002268,VIS-0249,2024-06-09,11.0,False
SES-002663,VIS-0289,2024-03-03,18.0,False
SES-002062,VIS-0224,2023-07-07,1.0,False
SES-001623,VIS-0177,2023-11-05,1.0,True
SES-003280,VIS-0351,2023-07-16,4.0,True
SES-004015,VIS-0432,2023-06-30,3.0,True
SES-002859,VIS-0307,2023-12-12,10.0,False
SES-002261,VIS-0248,2023-09-02,17.0,False
SES-002891,VIS-0312,2024-03-02,23.0,False
SES-000565,VIS-0063,2023-06-03,6.0,False
SES-001097,VIS-0120,2023-07-26,15.0,False
SES-002839,VIS-0305,2023-07-06,10.0,False
SES-002467,VIS-0269,2023-08-29,18.0,True
SES-002853,VIS-0307,2023-11-11,8.0,False
SES-003118,VIS-0335,2023-12-30,3.0,False
SES-000645,VIS-0071,2024-01-28,4.0,False
SES-003480,VIS-0374,2024-03-14,6.0,True
SES-003317,VIS-0356,2024-01-02,3.0,False
SES-003086,VIS-0332,2023-07-17,1.0,True
SES-001569,VIS-0171,2024-04-21,6.0,False
SES-003346,VIS-0358,2023-10-07,16.0,False
SES-002367,VIS-0259,2023-11-06,1.0,True
SES-001556,VIS-0170,2023-07-04,1.0,True
SES-001565,VIS-0171,2024-02-22,7.0,False
SES-000681,VIS-0076,2024-02-11,11.0,False
SES-000057,VIS-0005,2023-09-01,15.0,True
SES-003452,VIS-0371,2023-08-13,15.0,False
SES-000390,VIS-0045,2024-03-02,7.0,False
SES-001324,VIS-0143,2024-04-15,8.0,True
SES-002474,VIS-0270,2024-04-27,14.0,False
SES-000120,VIS-0013,2023-07-25,11.0,True
SES-000342,VIS-0040,2024-06-02,11.0,True
SES-003008,VIS-0323,2023-08-23,1.0,True
SES-000216,VIS-0025,2023-08-18,5.0,False
SES-000040,VIS-0004,2023-07-17,11.0,False
SES-003285,VIS-0352,2023-09-04,9.0,True
SES-002046,VIS-0223,2023-11-26,10.0,True
SES-000285,VIS-0034,2023-06-19,1.0,False
SES-003815,VIS-0409,2023-11-26,10.0,False
SES-000694,VIS-0078,2023-07-08,7.0,True
SES-000122,VIS-0013,2023-07-04,4.0,False
SES-000590,VIS-0067,2024-02-01,5.0,False
SES-001519,VIS-0166,2023-07-13,1.0,True
SES-002397,VIS-0263,2024-03-07,7.0,True
SES-000435,VIS-0049,2023-12-27,11.0,False
SES-001352,VIS-0147,2023-12-31,1.0,True
SES-002416,VIS-0265,2024-05-07,6.0,False
SES-001389,VIS-0152,2024-02-17,8.0,True
SES-001890,VIS-0205,2023-07-12,15.0,False
SES-001794,VIS-0195,2024-02-27,20.0,True
SES-001613,VIS-0176,2023-12-27,11.0,False
SES-003318,VIS-0356,2024-05-20,7.0,False
SES-003619,VIS-0388,2024-05-30,2.0,False
SES-001111,VIS-0121,2024-02-29,1.0,False
SES-000239,VIS-0027,2023-10-30,6.0,False
SES-003913,VIS-0421,2023-08-09,13.0,False
SES-001804,VIS-0196,2023-06-25,3.0,False
SES-002849,VIS-0307,2023-11-30,13.0,True
SES-001104,VIS-0121,2023-12-05,1.0,False
SES-003015,VIS-0324,2024-04-07,8.0,False
SES-003933,VIS-0423,2023-09-27,13.0,False
SES-003415,VIS-0367,2023-07-16,5.0,False
SES-003923,VIS-0422,2023-10-23,9.0,False
SES-003576,VIS-0383,2023-10-25,5.0,False
SES-000018,VIS-0002,2023-08-18,6.0,False
SES-001648,VIS-0180,2023-12-27,9.0,True
SES-000424,VIS-0048,2024-01-09,4.0,False
SES-001646,VIS-0179,2023-06-10,2.0,True
SES-002913,VIS-0314,2024-05-30,14.0,False
SES-003863,VIS-0415,2023-07-04,9.0,False
SES-002511,VIS-0273,2023-11-21,14.0,False
SES-003871,VIS-0416,2024-03-29,10.0,False
SES-000276,VIS-0033,2023-08-09,7.0,False
SES-003669,VIS-0394,2023-06-02,6.0,True
SES-002982,VIS-0321,2024-01-23,11.0,False
SES-003450,VIS-0371,2024-05-03,12.0,True
SES-003887,VIS-0418,2024-01-27,9.0,False
SES-003931,VIS-0423,2023-07-28,14.0,False
SES-002522,VIS-0275,2023-11-23,6.0,False
SES-000725,VIS-0081,2024-06-27,1.0,True
SES-003907,VIS-0420,2023-08-25,8.0,True
SES-003145,VIS-0337,2024-04-18,5.0,True
SES-002580,VIS-0280,2023-10-20,22.0,True
SES-003683,VIS-0395,2024-04-10,7.0,True
SES-000431,VIS-0048,2024-01-05,2.0,True
SES-001358,VIS-0148,2023-09-05,9.0,False
SES-002079,VIS-0226,2024-05-14,6.0,False
SES-001107,VIS-0121,2024-02-11,1.0,False
SES-000024,VIS-0002,2024-04-28,2.0,False
SES-000649,VIS-0072,2024-05-20,11.0,False
SES-001348,VIS-0146,2023-11-20,10.0,True
SES-003112,VIS-0335,2023-12-01,6.0,False
SES-002895,VIS-0312,2023-11-27,21.0,False
SES-002179,VIS-0238,2024-02-19,13.0,False
SES-003675,VIS-0394,2023-08-29,5.0,True
SES-003134,VIS-0336,2024-02-20,2.0,False
SES-003281,VIS-0351,2023-12-17,1.0,False
SES-001625,VIS-0177,2024-03-10,1.0,True
SES-000006,VIS-0001,2023-06-19,10.0,False
SES-002681,VIS-0290,2023-09-27,9.0,False
SES-000253,VIS-0029,2023-09-26,1.0,False
SES-001863,VIS-0201,2024-05-17,5.0,False
SES-001758,VIS-0191,2023-11-22,13.0,False
SES-000247,VIS-0028,2023-06-08,1.0,True
SES-001041,VIS-0114,2024-02-11,12.0,False
SES-003626,VIS-0389,2024-01-27,8.0,False
SES-001522,VIS-0166,2023-06-13,1.0,True
SES-000927,VIS-0102,2024-03-29,3.0,False
SES-000978,VIS-0108,2024-05-23,11.0,True
SES-001493,VIS-0163,2024-05-17,1.0,False
SES-002171,VIS-0236,2023-09-20,6.0,False
SES-001659,VIS-0181,2023-11-07,2.0,False
SES-000389,VIS-0045,2024-03-07,7.0,False
SES-001901,VIS-0207,2023-10-02,6.0,True
SES-000354,VIS-0041,2023-08-21,9.0,False
SES-002748,VIS-0297,2023-07-29,6.0,False
SES-002456,VIS-0268,2023-12-28,6.0,False
SES-003093,VIS-0332,2024-02-14,1.0,False
SES-002166,VIS-0236,2024-04-23,7.0,True
SES-003517,VIS-0378,2024-02-10,1.0,False
SES-003759,VIS-0403,2024-03-09,8.0,False
SES-001553,VIS-0169,2023-11-16,14.0,False
SES-003986,VIS-0428,2023-10-03,8.0,False
SES-003779,VIS-0405,2024-01-21,14.0,False
SES-002400,VIS-0263,2023-06-09,3.0,False
SES-003237,VIS-0347,2023-08-04,10.0,False
SES-001861,VIS-0201,2023-11-07,1.0,False
SES-002226,VIS-0244,2024-01-20,10.0,True
SES-001549,VIS-0169,2023-07-29,12.0,False
SES-002122,VIS-0232,2023-08-19,3.0,True
SES-001010,VIS-0111,2023-09-27,9.0,False
SES-003794,VIS-0407,2024-03-01,14.0,False
SES-000668,VIS-0075,2023-10-09,10.0,False
SES-003389,VIS-0363,2023-12-19,10.0,False
SES-002827,VIS-0304,2023-06-02,4.0,True
SES-002247,VIS-0247,2024-03-23,1.0,True
SES-000969,VIS-0107,2023-08-27,9.0,False
SES-002781,VIS-0301,2024-06-24,1.0,False
SES-000854,VIS-0094,2023-12-28,2.0,False
SES-001424,VIS-0155,2023-07-27,4.0,True
SES-002407,VIS-0264,2023-12-25,-4.305290226766484,False
SES-000789,VIS-0087,2023-10-03,3.0,False
SES-003523,VIS-0379,2024-03-20,7.0,True
SES-000676,VIS-0075,2023-11-13,16.0,True
SES-003906,VIS-0420,2023-08-12,11.0,False
SES-002158,VIS-0235,2023-08-05,10.0,False
SES-000394,VIS-0045,2024-05-31,9.0,False
SES-003888,VIS-0418,2023-10-30,26.535242264421267,False
SES-003696,VIS-0397,2024-02-07,12.0,True
SES-003010,VIS-0323,2023-06-24,2.0,False
SES-001456,VIS-0159,2023-10-15,16.0,False
SES-003292,VIS-0353,2023-07-04,1.0,True
SES-002557,VIS-0278,2024-06-24,17.0,False
SES-001141,VIS-0124,2024-04-12,1.0,True
SES-001480,VIS-0161,2023-06-21,1.0,False
SES-002389,VIS-0262,2024-03-27,8.0,False
SES-003736,VIS-0401,2024-05-24,16.0,False
SES-001259,VIS-0137,2023-06-16,8.0,True
SES-000296,VIS-0035,2024-02-11,5.0,False
SES-003311,VIS-0355,2023-06-04,2.0,False
SES-001367,VIS-0149,2024-01-07,11.0,False
SES-002899,VIS-0312,2024-04-14,23.0,False
SES-000477,VIS-0055,2023-07-06,1.0,False
SES-003243,VIS-0348,2023-10-13,1.0,False
SES-003470,VIS-0372,2023-11-14,11.0,False
SES-001769,VIS-0193,2024-03-18,4.0,False
SES-003270,VIS-0350,2024-02-09,11.0,True
SES-000283,VIS-0033,2023-12-09,5.0,False
SES-000945,VIS-0105,2023-09-09,1.0,False
SES-002804,VIS-0303,2024-03-17,3.0,True
SES-003306,VIS-0355,2023-10-13,1.0,False
SES-000286,VIS-0034,2023-08-14,1.0,False
SES-002661,VIS-0288,2024-05-04,13.0,True
SES-000746,VIS-0083,2024-06-01,17.0,False
SES-000708,VIS-0079,2023-09-10,3.0,True
SES-000068,VIS-0008,2023-06-27,8.0,False
SES-001342,VIS-0146,2024-06-05,8.0,False
SES-004002,VIS-0430,2024-02-04,1.0,True
SES-002386,VIS-0262,2023-10-09,4.0,False
SES-002845,VIS-0306,2023-10-04,11.0,True
SES-003469,VIS-0372,2024-01-31,8.0,False
SES-000188,VIS-0022,2024-04-26,5.0,False
SES-002877,VIS-0310,2024-01-05,11.0,False
SES-000205,VIS-0024,2024-05-30,2.0,True
SES-003115,VIS-0335,2024-05-13,5.0,False
SES-000964,VIS-0106,2024-05-16,4.0,False
SES-000222,VIS-0026,2024-01-22,1.0,False
SES-003036,VIS-0327,2023-09-04,6.0,False
SES-003023,VIS-0326,2023-10-03,21.0,True
SES-003184,VIS-0343,2023-12-09,12.0,True
SES-001557,VIS-0170,2023-08-09,3.0,False
SES-000504,VIS-0057,2024-06-26,5.0,True
SES-002786,VIS-0301,2023-06-11,2.0,False
SES-001138,VIS-0124,2024-04-21,-27.742828968157504,True
SES-002357,VIS-0259,2023-07-03,1.0,False
SES-000878,VIS-0097,2024-05-08,2.0,False
SES-000021,VIS-0002,2023-09-12,5.0,True
SES-000903,VIS-0100,2024-06-01,1.0,False
SES-002616,VIS-0283,2023-09-19,1.0,False
SES-003725,VIS-0400,2024-06-07,9.0,False
SES-001434,VIS-0156,2024-04-12,8.0,True
SES-001190,VIS-0129,2024-05-12,6.0,False
SES-003062,VIS-0330,2024-05-28,1.0,True
SES-004032,VIS-0435,2024-03-17,12.0,False
SES-000579,VIS-0064,2024-05-12,1.0,False
SES-000445,VIS-0050,2024-05-28,4.0,False
SES-003530,VIS-0379,2024-06-15,12.0,False
SES-002729,VIS-0295,2024-04-16,17.0,False
SES-000944,VIS-0104,2023-06-29,12.0,False
SES-003621,VIS-0388,2024-01-24,4.0,True
SES-002369,VIS-0260,2023-12-07,3.0,False
SES-001468,VIS-0161,2024-01-02,4.0,False
SES-002570,VIS-0279,2023-06-26,6.0,False
SES-002282,VIS-0251,2024-01-23,8.0,False
SES-001200,VIS-0130,2024-06-22,15.0,True
SES-000349,VIS-0040,2024-01-26,16.0,False
SES-001327,VIS-0143,2023-09-08,12.0,False
SES-001810,VIS-0197,2023-07-09,6.0,True
SES-000345,VIS-0040,2024-03-24,11.0,True
SES-003714,VIS-0399,2024-04-01,6.0,False
SES-002089,VIS-0228,2024-02-04,13.0,False
SES-003665,VIS-0394,2023-11-15,4.0,True
SES-003599,VIS-0386,2023-08-31,1.0,False
SES-003486,VIS-0375,2023-10-05,4.0,False
SES-002220,VIS-0244,2023-06-29,12.0,False
SES-000000,VIS-0001,2023-06-11,14.0,True
SES-004045,VIS-0437,2023-11-05,10.0,False
SES-001204,VIS-0131,2023-12-08,1.0,False
SES-000261,VIS-0031,2023-11-16,2.0,False
SES-001879,VIS-0203,2023-07-28,13.0,False
SES-003570,VIS-0382,2024-05-14,16.0,False
SES-000805,VIS-0089,2023-11-07,12.0,True
SES-000943,VIS-0104,2023-11-01,8.0,False
SES-003251,VIS-0349,2024-04-05,4.0,True
SES-003172,VIS-0341,2023-06-16,4.0,True
SES-002769,VIS-0299,2024-03-16,4.0,False
SES-002598,VIS-0281,2024-04-16,4.0,True
SES-002563,VIS-0278,2024-04-10,19.0,False
SES-000705,VIS-0079,2023-11-11,8.0,False
SES-000123,VIS-0013,2024-02-27,5.0,True
SES-001641,VIS-0179,2024-01-24,5.0,False
SES-003484,VIS-0374,2023-09-24,11.0,True
SES-000544,VIS-0061,2023-06-24,10.0,False
SES-002569,VIS-0278,2024-06-26,20.0,False
SES-003769,VIS-0404,2023-09-22,8.0,False
SES-001486,VIS-0162,2024-01-07,8.0,False
SES-000510,VIS-0058,2023-08-29,6.0,False
SES-001909,VIS-0207,2024-03-26,9.0,False
SES-002916,VIS-0314,2024-05-31,16.0,False
SES-001887,VIS-0205,2023-11-20,33.383239860672404,True
SES-002618,VIS-0283,2023-12-07,1.0,False
SES-001451,VIS-0158,2023-09-17,11.0,False
SES-001252,VIS-0136,2024-03-13,35.58035360941584,True
SES-003417,VIS-0367,2023-10-12,11.0,False
SES-001029,VIS-0113,2024-01-09,11.0,False
SES-002339,VIS-0256,2023-06-15,18.0,False
SES-003392,VIS-0364,2023-11-11,7.0,False
SES-002353,VIS-0258,2024-04-02,12.0,False
SES-001918,VIS-0209,2023-06-19,5.0,False
SES-001689,VIS-0184,2023-08-18,9.0,False
SES-002491,VIS-0271,2023-12-05,13.0,True
SES-002177,VIS-0237,2023-07-27,2.0,False
SES-003513,VIS-0378,2024-06-27,1.0,False
SES-000636,VIS-0071,2024-04-19,9.0,True
SES-001359,VIS-0148,2024-04-16,11.0,False
SES-002394,VIS-0263,2023-07-31,5.0,True
SES-003994,VIS-0429,2024-04-01,5.0,False
SES-003029,VIS-0326,2024-06-17,23.0,False
SES-001594,VIS-0174,2023-09-28,26.782397950827523,False
SES-001764,VIS-0193,2024-06-10,9.0,True
SES-003984,VIS-0428,2024-02-03,6.0,True
SES-002679,VIS-0290,2024-04-14,9.0,True
SES-000984,VIS-0108,2024-05-17,10.0,False
SES-001667,VIS-0182,2024-03-16,1.0,True
SES-000162,VIS-0019,2023-10-22,3.0,True
SES-000696,VIS-0078,2023-06-08,10.0,False
SES-001045,VIS-0115,2023-08-20,11.0,False
SES-000462,VIS-0053,2024-01-30,1.0,False
SES-000797,VIS-0088,2024-02-06,2.0,False
SES-003279,VIS-0351,2024-04-19,3.0,True
SES-002914,VIS-0314,2023-09-16,17.0,False
SES-003217,VIS-0345,2023-08-28,17.0,True
SES-000304,VIS-0035,2024-05-29,2.0,True
SES-000830,VIS-0091,2023-07-21,10.0,False
SES-002976,VIS-0320,2024-03-16,3.0,False
SES-001661,VIS-0181,2024-03-14,1.0,False
SES-001669,VIS-0182,2024-02-05,1.0,True
SES-000644,VIS-0071,2024-02-05,7.0,True
SES-000886,VIS-0098,2023-08-31,2.0,False
SES-001146,VIS-0124,2023-09-28,2.0,False
SES-000741,VIS-0083,2023-08-08,15.0,False
SES-003859,VIS-0415,2024-06-14,8.0,False
SES-002486,VIS-0271,2023-09-07,18.0,True
SES-000795,VIS-0088,2023-06-14,8.0,False
SES-001673,VIS-0182,2024-03-12,1.0,False
SES-000366,VIS-0042,2023-10-23,1.0,True
SES-003708,VIS-0398,2024-01-04,12.0,False
SES-000265,VIS-0031,2024-03-11,2.0,False
SES-000179,VIS-0021,2024-02-23,2.0,False
SES-000427,VIS-0048,2023-08-23,6.0,False
SES-001073,VIS-0118,2024-05-26,6.0,False
SES-000271,VIS-0032,2023-07-20,7.0,False
SES-000597,VIS-0068,2023-06-18,14.0,False
SES-001526,VIS-0167,2023-12-18,2.0,True
SES-002073,VIS-0225,2023-08-10,5.0,False
SES-000683,VIS-0076,2024-06-06,7.0,False
SES-003883,VIS-0417,2023-07-30,13.0,True
SES-001369,VIS-0149,2023-06-30,11.0,False
SES-003375,VIS-0361,2023-07-31,6.0,False
SES-000633,VIS-0071,2024-05-21,6.0,True
SES-003099,VIS-0333,2024-05-27,1.0,False
SES-003283,VIS-0352,2023-10-25,5.0,False
SES-002406,VIS-0264,2024-05-21,13.0,False
SES-002645,VIS-0286,2023-08-25,15.0,False
SES-003658,VIS-0393,2024-02-26,2.0,False
SES-002602,VIS-0282,2023-12-12,8.0,False
SES-001290,VIS-0140,2023-09-09,16.0,False
SES-002149,VIS-0235,2023-12-14,13.0,True
SES-003796,VIS-0407,2023-06-10,13.0,False
SES-000241,VIS-0028,2024-02-29,6.0,True
SES-000413,VIS-0047,2023-07-08,5.0,False
SES-000753,VIS-0084,2023-12-24,18.0,False
SES-001004,VIS-0110,2024-06-06,16.0,False
SES-001412,VIS-0154,2024-05-09,5.0,True
SES-000939,VIS-0104,2024-05-15,11.0,False
SES-002801,VIS-0302,2024-03-14,2.0,True
SES-003003,VIS-0323,2023-08-06,4.0,False
SES-003590,VIS-0385,2023-11-09,5.0,False
SES-002785,VIS-0301,2023-09-01,5.0,True
SES-000997,VIS-0109,2023-12-09,-16.84221949871734,False
SES-003987,VIS-0428,2023-06-28,6.0,False
SES-000036,VIS-0004,2024-01-07,12.0,True
SES-003223,VIS-0346,2023-06-18,3.0,False
SES-000623,VIS-0070,2023-09-13,4.0,True
SES-002714,VIS-0293,2023-08-02,1.0,True
SES-001201,VIS-0130,2023-10-25,18.0,False
SES-003314,VIS-0355,2023-06-03,1.0,False
SES-001323,VIS-0143,2023-10-08,6.0,False
SES-001619,VIS-0176,2023-12-24,9.0,False
SES-002515,VIS-0274,2023-11-03,1.0,True
SES-002738,VIS-0295,2024-02-23,16.0,True
SES-000008,VIS-0001,2024-06-13,8.0,False
SES-003527,VIS-0379,2023-07-05,13.0,False
SES-002152,VIS-0235,2024-04-12,11.0,False
SES-003160,VIS-0339,2023-11-07,3.0,False
SES-001465,VIS-0160,2024-03-15,1.0,False
SES-001034,VIS-0114,2024-04-01,43.467156144906426,False
SES-000338,VIS-0039,2023-06-11,5.0,False
SES-002790,VIS-0302,2023-06-10,8.0,False
SES-002324,VIS-0255,2024-03-11,1.0,False
SES-000971,VIS-0107,2024-06-30,16.0,False
SES-000233,VIS-0027,2024-04-09,8.0,False
SES-001649,VIS-0180,2024-06-23,11.0,False
SES-003770,VIS-0404,2024-06-27,9.0,False
SES-000288,VIS-0034,2023-10-07,1.0,False
SES-003356,VIS-0360,2024-03-03,10.0,False
SES-001652,VIS-0180,2024-05-14,6.0,False
SES-002893,VIS-0312,2023-06-10,24.0,False
SES-001431,VIS-0156,2024-03-14,11.0,True
SES-003695,VIS-0397,2024-01-27,8.0,False
SES-002410,VIS-0265,2024-03-31,7.0,False
SES-003085,VIS-0332,2024-04-18,1.0,True
SES-003350,VIS-0359,2024-06-12,1.0,True
SES-002297,VIS-0252,2024-04-17,16.0,False
SES-000874,VIS-0096,2023-07-21,9.0,False
SES-000761,VIS-0084,2023-10-30,16.0,False
SES-000387,VIS-0044,2024-04-16,16.0,True
SES-002750,VIS-0297,2024-03-29,6.0,True
SES-003737,VIS-0401,2023-07-02,15.0,True
SES-001870,VIS-0202,2023-08-16,5.0,False
SES-000899,VIS-0100,2024-01-15,7.0,False
SES-001632,VIS-0178,2024-01-27,12.0,False
SES-001384,VIS-0151,2024-05-10,1.0,False
SES-001756,VIS-0191,2023-11-05,13.0,False
SES-003116,VIS-0335,2023-10-28,7.0,False
SES-002064,VIS-0224,2024-02-08,1.0,False
SES-000600,VIS-0068,2024-01-21,11.0,False
SES-001086,VIS-0119,2023-09-25,4.0,True
SES-000825,VIS-0091,2024-04-29,4.0,True
SES-001210,VIS-0131,2024-05-14,5.0,False
SES-001385,VIS-0152,2024-04-24,11.0,True
SES-001827,VIS-0198,2023-11-06,5.0,True
SES-003790,VIS-0407,2023-10-15,16.0,False
SES-001793,VIS-0195,2023-09-16,21.0,True
SES-003646,VIS-0391,2024-06-01,7.0,False
SES-003439,VIS-0370,2023-11-09,9.0,True
SES-003463,VIS-0372,2023-12-03,6.0,True
SES-001799,VIS-0196,2024-06-07,3.0,False
SES-003773,VIS-0404,2023-08-06,7.0,False
SES-002299,VIS-0252,2024-01-18,7.0,True
SES-000236,VIS-0027,2024-04-02,5.0,False
SES-000275,VIS-0032,2023-06-08,8.0,False
SES-003504,VIS-0377,2023-12-23,5.0,False
SES-002366,VIS-0259,2024-04-19,1.0,True
SES-001089,VIS-0120,2023-06-23,13.0,True
SES-001264,VIS-0138,2024-03-26,1.0,True
SES-001675,VIS-0183,2023-06-26,13.0,False
SES-001203,VIS-0131,2024-02-23,1.0,True
SES-001181,VIS-0127,2024-06-17,10.0,True
SES-002669,VIS-0289,2024-01-25,17.0,False
SES-000147,VIS-0017,2023-08-20,2.0,False
SES-002614,VIS-0283,2024-05-19,1.0,True
SES-002682,VIS-0290,2023-06-04,10.0,True
SES-003322,VIS-0356,2023-08-20,5.0,True
SES-001718,VIS-0188,2024-06-15,6.0,False
SES-000252,VIS-0029,2023-11-29,1.0,True
SES-002888,VIS-0311,2024-01-17,6.0,False
SES-002996,VIS-0322,2023-12-02,13.0,True
SES-003041,VIS-0327,2024-05-05,7.0,False
SES-001694,VIS-0184,2023-11-15,10.0,False
SES-002330,VIS-0255,2024-05-11,4.0,False
SES-000669,VIS-0075,2023-12-04,11.0,True
SES-002953,VIS-0318,2023-06-01,7.0,False
SES-000177,VIS-0021,2023-09-09,8.0,True
SES-003758,VIS-0403,2023-07-03,10.0,True
SES-003071,VIS-0330,2023-12-07,1.0,True
SES-001687,VIS-0184,2024-06-25,10.0,False
SES-000687,VIS-0077,2024-05-14,7.0,False
SES-001617,VIS-0176,2023-09-22,9.0,False
SES-001650,VIS-0180,2023-09-06,5.0,True
SES-000297,VIS-0035,2024-03-18,2.0,False
SES-000289,VIS-0034,2023-09-28,1.0,False
SES-000827,VIS-0091,2023-09-28,7.0,False
SES-002609,VIS-0282,2024-04-26,6.0,True
SES-001917,VIS-0209,2023-11-06,2.0,False
SES-000480,VIS-0055,2024-05-31,1.0,False
SES-003393,VIS-0364,2024-01-04,9.0,False
SES-001386,VIS-0152,2023-08-05,10.0,True
SES-001583,VIS-0172,2024-06-17,6.0,False
SES-000977,VIS-0108,2023-06-30,9.0,False
SES-001568,VIS-0171,2024-01-07,7.0,False
SES-002473,VIS-0270,2023-11-04,18.0,False
SES-003774,VIS-0404,2024-05-13,10.0,False
SES-002199,VIS-0240,2023-12-07,1.0,True
SES-002952,VIS-0318,2023-12-17,5.0,False
SES-003084,VIS-0332,2024-03-30,1.0,True
SES-001562,VIS-0171,2024-05-19,8.0,False
SES-002727,VIS-0295,2024-04-20,20.0,False
SES-001883,VIS-0204,2024-02-03,8.0,True
SES-003487,VIS-0375,2024-04-21,1.0,True
SES-002941,VIS-0317,2024-04-08,6.0,False
SES-002987,VIS-0321,2023-07-18,11.0,False
SES-000107,VIS-0011,2023-06-30,1.0,True
SES-003837,VIS-0412,2024-03-04,5.0,False
SES-003407,VIS-0365,2023-11-06,11.0,False
SES-000064,VIS-0007,2024-04-05,1.0,False
SES-001750,VIS-0190,2023-11-18,12.0,False
SES-003898,VIS-0419,2023-10-01,18.0,False
SES-001662,VIS-0181,2023-12-23,1.0,False
SES-000697,VIS-0078,2024-03-11,6.0,False
SES-000692,VIS-0077,2024-04-04,9.0,False
SES-001263,VIS-0138,2024-05-16,6.0,False
SES-002060,VIS-0224,2024-05-21,1.0,False
SES-002462,VIS-0269,2023-10-22,14.0,False
SES-002556,VIS-0278,2023-12-31,20.0,False
SES-001955,VIS-0213,2023-07-25,10.0,False
SES-000766,VIS-0085,2024-03-08,5.0,False
SES-001411,VIS-0154,2024-04-02,4.0,False
SES-002571,VIS-0279,2023-07-08,7.0,True
SES-003881,VIS-0417,2024-02-10,10.0,False
SES-002935,VIS-0316,2024-03-20,9.0,True
SES-002170,VIS-0236,2024-02-19,6.0,False
SES-001046,VIS-0115,2024-05-26,11.0,False
SES-000062,VIS-0006,2024-06-21,11.0,False
SES-003284,VIS-0352,2023-07-25,-19.636777385351973,True
SES-000308,VIS-0036,2024-05-09,7.0,False
SES-002735,VIS-0295,2023-09-12,16.0,False
SES-001624,VIS-0177,2024-02-07,1.0,False
SES-003421,VIS-0368,2023-09-14,1.0,False
SES-003684,VIS-0395,2023-11-02,5.0,False
SES-003400,VIS-0364,2023-08-19,12.0,True
SES-002431,VIS-0267,2023-09-21,1.0,False
SES-000134,VIS-0014,2024-04-05,8.0,True
SES-002650,VIS-0287,2024-01-08,16.0,False
SES-001120,VIS-0122,2023-10-12,12.0,False
SES-001751,VIS-0191,2024-02-19,15.0,True
SES-002844,VIS-0306,2023-06-08,12.0,False
SES-001766,VIS-0193,2024-03-22,10.0,True
SES-001081,VIS-0119,2023-11-16,1.0,True
SES-000581,VIS-0065,2023-12-04,1.0,False
SES-000202,VIS-0024,2023-08-24,2.0,False
SES-001011,VIS-0111,2024-02-15,8.0,True
SES-001671,VIS-0182,2023-06-14,1.0,False
SES-000774,VIS-0085,2023-08-19,1.0,False
SES-004021,VIS-0433,2024-02-04,16.0,False
SES-000685,VIS-0077,2024-04-23,6.0,False
SES-003767,VIS-0404,2024-04-28,9.0,False
SES-000567,VIS-0064,2024-01-14,10.0,True
SES-001161,VIS-0126,2024-01-19,13.0,False
SES-003368,VIS-0360,2023-08-28,13.0,False
SES-001835,VIS-0199,2023-12-26,5.0,False
SES-000788,VIS-0087,2023-12-04,1.0,False
SES-000227,VIS-0026,2024-04-17,1.0,False
SES-001780,VIS-0194,2024-02-10,8.0,False
SES-003042,VIS-0328,2024-05-18,12.0,False
SES-002222,VIS-0244,2023-06-27,13.0,True
SES-003884,VIS-0418,2024-01-13,36.90331652140276,False
SES-002497,VIS-0272,2023-12-03,14.0,True
SES-002048,VIS-0223,2023-11-19,8.0,True
SES-001903,VIS-0207,2023-06-13,9.0,True
SES-002493,VIS-0272,2023-11-15,17.0,False
SES-002096,VIS-0229,2024-03-19,2.0,False
SES-001106,VIS-0121,2023-12-13,1.0,True
SES-000376,VIS-0044,2024-03-13,12.0,False
SES-001575,VIS-0172,2023-10-24,3.0,False
SES-003024,VIS-0326,2023-11-17,21.0,True
SES-000871,VIS-0096,2023-08-18,8.0,False
SES-003908,VIS-0420,2023-07-09,13.0,True
SES-003127,VIS-0336,2024-02-11,4.0,True
SES-001183,VIS-0127,2023-10-06,14.0,True
SES-001487,VIS-0163,2024-04-03,1.0,False
SES-000712,VIS-0079,2023-06-28,1.0,False
SES-002631,VIS-0285,2023-10-10,8.0,True
SES-001093,VIS-0120,2023-10-25,8.0,False
SES-002765,VIS-0299,2023-11-02,8.0,True
SES-001072,VIS-0117,2024-01-05,2.0,True
SES-002885,VIS-0311,2024-05-31,2.0,False
SES-003208,VIS-0344,2024-04-23,14.0,False
SES-002864,VIS-0308,2023-09-19,3.0,False
SES-002909,VIS-0314,2024-06-24,16.0,False
SES-002258,VIS-0248,2024-02-15,21.0,False
SES-001043,VIS-0115,2024-02-16,16.0,True
SES-001387,VIS-0152,2023-12-08,11.0,False
SES-001262,VIS-0137,2023-12-14,13.0,False
SES-000937,VIS-0104,2023-10-24,12.0,False
SES-002287,VIS-0251,2023-11-26,3.0,False
SES-002184,VIS-0238,2023-11-16,13.0,False
SES-003304,VIS-0355,2023-11-14,1.0,False
SES-000744,VIS-0083,2023-10-17,10.0,False
SES-003276,VIS-0351,2024-05-31,4.0,False
SES-001023,VIS-0113,2023-06-08,11.0,False
SES-003985,VIS-0428,2024-06-16,4.0,False
SES-003202,VIS-0344,2024-01-09,10.0,False
SES-001731,VIS-0189,2023-09-11,21.0,False
SES-001656,VIS-0181,2023-06-23,1.0,True
SES-000273,VIS-0032,2023-11-19,14.0,True
SES-001884,VIS-0204,2023-09-30,6.0,False
SES-000152,VIS-0018,2023-11-13,10.0,False
SES-002897,VIS-0312,2023-11-09,26.0,True
SES-003688,VIS-0396,2023-09-30,1.0,False
SES-002610,VIS-0282,2024-01-25,9.0,True
SES-002671,VIS-0289,2024-04-22,19.0,False
SES-000513,VIS-0058,2023-08-19,10.0,True
SES-000368,VIS-0043,2024-03-07,11.0,False
SES-003358,VIS-0360,2024-02-05,13.0,True
SES-000323,VIS-0037,2023-12-17,5.0,False
SES-000617,VIS-0069,2023-11-22,10.0,False
SES-003372,VIS-0361,2024-04-09,8.0,True
SES-003514,VIS-0378,2023-09-15,1.0,False
SES-003917,VIS-0421,2024-03-26,11.0,True
SES-002292,VIS-0252,2023-10-23,13.0,False
SES-003823,VIS-0410,2024-03-13,15.0,True
SES-003103,VIS-0334,2023-10-18,8.0,False
SES-002813,VIS-0303,2023-10-23,5.0,False
SES-000684,VIS-0077,2024-01-23,10.0,False
SES-000381,VIS-0044,2023-11-05,13.0,True
SES-001199,VIS-0130,2024-05-17,19.0,False
SES-001940,VIS-0211,2023-07-05,2.0,False
SES-002036,VIS-0222,2023-08-03,7.0,True
SES-000535,VIS-0060,2023-12-25,2.0,False
SES-000664,VIS-0074,2023-11-16,7.0,True
SES-000043,VIS-0004,2023-11-27,4.0,False
SES-000421,VIS-0048,2024-01-29,4.0,False
SES-002365,VIS-0259,2023-07-10,1.0,False
SES-002393,VIS-0263,2024-04-07,5.0,False
SES-004040,VIS-0436,2024-04-23,12.0,False
SES-000353,VIS-0041,2023-06-25,8.0,True
SES-001752,VIS-0191,2023-10-17,10.0,False
SES-001592,VIS-0174,2023-11-30,3.0,False
SES-002810,VIS-0303,2023-12-05,5.0,False
SES-003851,VIS-0414,2024-02-16,5.0,False
SES-001074,VIS-0118,2024-04-04,5.0,False
SES-002001,VIS-0218,2023-10-26,9.0,False
SES-003623,VIS-0389,2024-01-16,5.0,False
SES-000888,VIS-0098,2023-08-26,1.0,False
SES-001474,VIS-0161,2023-06-19,3.0,False
SES-001099,VIS-0120,2023-11-07,12.0,False
SES-003295,VIS-0353,2023-08-27,1.0,False
SES-001482,VIS-0162,2024-05-07,7.0,False
SES-001935,VIS-0211,2024-01-25,2.0,False
SES-003664,VIS-0394,2024-01-21,4.0,True
SES-002858,VIS-0307,2023-08-08,8.0,False
SES-002772,VIS-0300,2024-01-23,11.0,False
SES-001497,VIS-0164,2024-06-02,4.0,False
SES-002513,VIS-0274,2024-05-01,4.0,False
SES-002420,VIS-0265,2023-09-02,-13.119022072871516,False
SES-000968,VIS-0107,2024-02-16,14.0,False
SES-001219,VIS-0133,2023-06-29,16.0,True
SES-002480,VIS-0270,2024-03-25,17.0,False
SES-002795,VIS-0302,2024-02-02,1.0,False
SES-002281,VIS-0251,2024-02-16,5.0,False
SES-000584,VIS-0065,2024-05-27,1.0,True
SES-003764,VIS-0403,2024-02-02,9.0,False
SES-003326,VIS-0356,2023-07-18,-14.342438940123873,False
SES-003340,VIS-0358,2023-09-03,20.0,False
SES-001461,VIS-0159,2024-01-13,5.0,True
SES-002656,VIS-0288,2024-06-19,14.0,False
SES-000921,VIS-0102,2024-04-12,6.0,False
SES-002153,VIS-0235,2023-06-09,10.0,True
SES-003630,VIS-0390,2024-04-29,10.0,False
SES-001227,VIS-0134,2023-08-20,12.0,False
SES-002051,VIS-0223,2024-05-01,12.0,False
SES-001647,VIS-0180,2024-02-20,4.0,False
SES-003291,VIS-0353,2024-01-07,1.0,False
SES-001135,VIS-0123,2023-11-11,19.0,True
SES-003022,VIS-0325,2024-05-30,1.0,False
SES-000176,VIS-0021,2023-10-28,2.0,True
SES-003904,VIS-0420,2024-01-06,-19.813361210794817,True
SES-000194,VIS-0023,2024-03-25,15.0,False
SES-000796,VIS-0088,2023-12-27,4.0,False
SES-003455,VIS-0371,2023-07-01,10.0,True
SES-002626,VIS-0284,2023-09-26,1.0,True
SES-001455,VIS-0159,2023-11-23,8.0,False
SES-000638,VIS-0071,2023-06-10,2.0,True
SES-002717,VIS-0294,2024-03-14,5.0,True
SES-000130,VIS-0014,2024-05-03,12.0,True
SES-001846,VIS-0200,2024-04-16,12.0,True
SES-002999,VIS-0322,2024-06-03,12.0,False
SES-000926,VIS-0102,2023-10-07,2.0,False
SES-002607,VIS-0282,2024-04-24,8.0,True
SES-003536,VIS-0380,2024-03-03,9.0,False
SES-002241,VIS-0246,2024-04-17,4.0,True
SES-002375,VIS-0260,2024-03-05,6.0,False
SES-001845,VIS-0200,2024-06-26,14.0,False
SES-003106,VIS-0334,2023-10-04,15.0,False
SES-002684,VIS-0291,2024-02-22,5.0,False
SES-002352,VIS-0258,2023-11-24,12.0,False
SES-002055,VIS-0223,2023-10-17,5.0,False
SES-003874,VIS-0417,2024-05-11,6.0,False
SES-000181,VIS-0021,2024-04-04,7.0,False
SES-000274,VIS-0032,2023-11-30,15.0,False
SES-003255,VIS-0349,2023-11-11,2.0,False
SES-000907,VIS-0100,2024-04-14,4.0,False
SES-002771,VIS-0299,2024-06-12,5.0,True
SES-003860,VIS-0415,2023-10-09,13.0,False
SES-003446,VIS-0370,2023-07-17,9.0,True
SES-002632,VIS-0285,2024-05-27,6.0,True
SES-002242,VIS-0246,2023-11-23,2.0,False
SES-003728,VIS-0400,2024-04-18,4.0,False
SES-000706,VIS-0079,2024-04-02,3.0,False
SES-003620,VIS-0388,2024-06-02,1.0,False
SES-003382,VIS-0363,2023-07-29,11.0,False
SES-000404,VIS-0046,2023-10-11,22.0,False
SES-001020,VIS-0113,2023-08-12,6.0,True
SES-002954,VIS-0318,2024-06-16,7.0,False
SES-002794,VIS-0302,2024-03-25,5.0,False
SES-002921,VIS-0315,2024-02-13,10.0,False
SES-000767,VIS-0085,2023-09-14,1.0,False
SES-001289,VIS-0140,2024-05-10,10.0,False
SES-001896,VIS-0206,2023-12-22,10.0,False
SES-002991,VIS-0321,2023-10-21,13.0,False
SES-002136,VIS-0233,2024-02-24,19.0,False
SES-000820,VIS-0091,2023-08-23,6.0,False
SES-002837,VIS-0305,2023-10-28,10.0,False
SES-003635,VIS-0391,2023-06-02,2.0,False
SES-003390,VIS-0363,2024-05-18,10.0,False
SES-003843,VIS-0412,2023-12-11,1.0,False
SES-001677,VIS-0183,2024-06-22,12.0,False
SES-002032,VIS-0221,2023-11-28,1.0,True
SES-001976,VIS-0216,2024-01-25,8.0,True
SES-002044,VIS-0222,2023-08-26,7.0,False
SES-000209,VIS-0024,2023-07-23,7.0,False
SES-001772,VIS-0193,2024-03-03,2.0,False
SES-000388,VIS-0045,2023-06-19,8.0,False
SES-003002,VIS-0322,2023-08-05,9.0,False
SES-000533,VIS-0060,2023-10-09,1.0,False
SES-003918,VIS-0421,2023-06-23,11.0,True
SES-003341,VIS-0358,2024-06-23,20.0,False
SES-000077,VIS-0008,2023-07-27,10.0,False
SES-002562,VIS-0278,2024-06-10,17.0,False
SES-002911,VIS-0314,2024-01-09,16.0,False
SES-001912,VIS-0208,2023-10-22,14.0,False
SES-001720,VIS-0188,2024-02-05,5.0,False
SES-002761,VIS-0298,2023-12-10,1.0,False
SES-000656,VIS-0073,2023-10-09,13.0,True
SES-000610,VIS-0069,2023-12-20,12.0,True
SES-003147,VIS-0338,2023-11-21,20.0,False
SES-001653,VIS-0181,2024-04-24,1.0,False
SES-003162,VIS-0340,2023-11-24,7.0,False
SES-002577,VIS-0280,2024-05-30,14.0,False
SES-001147,VIS-0124,2024-02-14,1.0,True
SES-001893,VIS-0206,2023-06-06,5.0,True
SES-002230,VIS-0245,2023-10-28,10.0,False
SES-003231,VIS-0346,2023-12-15,1.0,True
SES-000442,VIS-0050,2024-04-22,5.0,False
SES-003866,VIS-0416,2024-02-10,13.0,True
SES-002712,VIS-0293,2023-06-21,1.0,False
SES-002660,VIS-0288,2024-06-08,35.37525519894077,False
SES-001406,VIS-0153,2024-02-04,12.0,False
SES-002725,VIS-0294,2024-05-15,5.0,False
SES-002875,VIS-0310,2023-07-21,13.0,True
SES-001899,VIS-0206,2024-02-23,5.0,False
SES-002967,VIS-0319,2024-03-24,1.0,True
SES-002198,VIS-0240,2024-05-02,1.0,True
SES-003940,VIS-0424,2023-10-11,1.0,True
SES-002203,VIS-0241,2024-02-05,2.0,False
SES-000182,VIS-0021,2023-11-05,3.0,True
SES-002867,VIS-0308,2023-06-10,5.0,False
SES-000537,VIS-0061,2024-06-03,12.0,False
SES-003009,VIS-0323,2024-06-24,3.0,True
SES-001736,VIS-0189,2023-10-12,18.0,False
SES-003772,VIS-0404,2024-01-09,5.0,False
SES-002958,VIS-0318,2024-05-22,3.0,False
SES-002919,VIS-0314,2023-10-14,15.0,False
SES-002773,VIS-0300,2023-06-04,12.0,False
SES-003465,VIS-0372,2023-12-01,9.0,True
SES-003404,VIS-0365,2024-01-13,6.0,False
SES-000002,VIS-0001,2023-12-12,7.0,True
SES-002666,VIS-0289,2024-06-27,23.0,False
SES-003577,VIS-0383,2023-11-05,5.0,True
SES-001628,VIS-0177,2023-11-03,1.0,False
SES-002358,VIS-0259,2024-05-12,1.0,True
SES-000200,VIS-0024,2024-05-23,4.0,True
SES-003349,VIS-0359,2024-05-24,7.0,True
SES-002762,VIS-0298,2024-01-03,1.0,True
SES-002533,VIS-0276,2024-01-17,8.0,False
SES-003075,VIS-0331,2024-03-23,7.0,True
SES-002715,VIS-0293,2023-08-25,1.0,True
SES-002113,VIS-0231,2024-02-04,16.0,False
SES-000336,VIS-0039,2024-02-20,7.0,False
SES-000918,VIS-0101,2023-09-10,16.0,False
SES-000740,VIS-0082,2023-06-17,7.0,True
SES-003564,VIS-0382,2024-03-01,12.0,False
SES-000166,VIS-0020,2023-10-22,8.0,False
SES-002093,VIS-0228,2024-05-06,10.0,False
SES-002402,VIS-0264,2023-06-25,11.0,True
SES-002380,VIS-0261,2024-03-09,4.0,False
SES-001467,VIS-0161,2023-12-23,7.0,False
SES-001712,VIS-0187,2023-11-08,1.0,False
SES-001300,VIS-0141,2023-09-25,3.0,False
SES-002808,VIS-0303,2024-05-07,4.0,False
SES-001450,VIS-0158,2024-02-14,12.0,False
SES-000170,VIS-0020,2023-07-14,7.0,True
SES-003806,VIS-0409,2023-09-23,11.0,False
SES-000713,VIS-0080,2024-04-22,6.0,False
SES-001974,VIS-0216,2024-01-18,6.0,False
SES-002219,VIS-0244,2023-08-04,13.0,False
SES-000621,VIS-0070,2023-09-17,1.0,True
SES-000940,VIS-0104,2024-05-20,10.0,True
SES-003254,VIS-0349,2024-03-31,2.0,True
SES-002117,VIS-0231,2024-03-03,13.0,False
SES-000098,VIS-0011,2024-04-07,1.0,False
SES-000691,VIS-0077,2024-06-07,10.0,False
SES-000327,VIS-0038,2023-09-11,6.0,False
SES-002378,VIS-0261,2023-08-10,2.0,False
SES-001983,VIS-0217,2023-07-26,4.0,False
SES-000810,VIS-0090,2023-08-26,5.0,False
SES-000432,VIS-0048,2023-08-02,4.0,False
SES-001176,VIS-0127,2024-05-31,11.0,False
SES-002223,VIS-0244,2023-09-25,12.0,False
SES-003152,VIS-0338,2023-11-07,12.0,False
SES-001826,VIS-0198,2024-05-14,5.0,False
SES-001637,VIS-0179,2024-04-13,-25.254465243391156,True
SES-001753,VIS-0191,2024-05-26,10.0,False
SES-003055,VIS-0329,2023-06-01,3.0,True
SES-002945,VIS-0317,2024-03-27,10.0,False
SES-003266,VIS-0350,2024-03-24,9.0,True
SES-003447,VIS-0370,2023-08-28,9.0,False
SES-001354,VIS-0147,2023-07-10,3.0,True
SES-001395,VIS-0153,2023-12-09,10.0,False
SES-003032,VIS-0326,2024-06-09,25.0,False
SES-001001,VIS-0110,2023-08-22,14.0,False
SES-002559,VIS-0278,2023-07-27,21.0,False
SES-001027,VIS-0113,2023-07-24,8.0,False
SES-000585,VIS-0066,2024-02-13,5.0,True
SES-001404,VIS-0153,2024-03-18,15.0,False
SES-001962,VIS-0214,2024-01-17,6.0,False
SES-003749,VIS-0402,2023-10-06,7.0,False
SES-003045,VIS-0328,2024-01-15,15.0,False
SES-002831,VIS-0305,2023-08-01,5.0,True
SES-000322,VIS-0037,2024-02-01,1.0,False
SES-002734,VIS-0295,2023-12-03,19.0,False
SES-001642,VIS-0179,2024-06-17,5.0,False
SES-003692,VIS-0397,2024-05-25,9.0,False
SES-003816,VIS-0410,2023-08-18,15.0,True
SES-001848,VIS-0200,2023-08-19,17.0,True
SES-001821,VIS-0197,2024-06-02,5.0,True
SES-003525,VIS-0379,2024-02-21,13.0,True
SES-003690,VIS-0396,2023-12-15,1.0,True
SES-002719,VIS-0294,2023-09-06,6.0,False
SES-001436,VIS-0156,2023-12-04,10.0,False
SES-003674,VIS-0394,2023-09-23,1.0,False
SES-003657,VIS-0392,2023-08-03,9.0,False
SES-003039,VIS-0327,2023-08-17,5.0,False
SES-000611,VIS-0069,2023-10-01,14.0,False
SES-002466,VIS-0269,2024-03-12,15.0,False
SES-003609,VIS-0387,2023-12-22,7.0,True
SES-003444,VIS-0370,2024-01-26,13.0,True
SES-002720,VIS-0294,2023-06-03,10.0,True
SES-000750,VIS-0083,2023-07-01,14.0,True
SES-000380,VIS-0044,2023-10-19,11.0,False
SES-002147,VIS-0234,2023-07-16,1.0,False
SES-003043,VIS-0328,2024-01-06,13.0,False
SES-001091,VIS-0120,2024-02-28,15.0,True
SES-001936,VIS-0211,2024-02-16,4.0,False
SES-003934,VIS-0423,2023-06-12,9.0,False
SES-003143,VIS-0337,2024-02-02,3.0,False
SES-003367,VIS-0360,2023-11-09,13.0,False
SES-002461,VIS-0269,2024-03-07,12.0,False
SES-000225,VIS-0026,2024-05-31,5.0,False
SES-001735,VIS-0189,2024-04-11,16.0,True
SES-000454,VIS-0052,2023-12-18,2.0,False
SES-003531,VIS-0379,2024-02-11,7.0,False
SES-001032,VIS-0113,2023-08-31,12.0,False
SES-002524,VIS-0275,2024-06-12,6.0,False
SES-003250,VIS-0349,2023-12-12,1.0,False
SES-003542,VIS-0380,2024-05-03,7.0,False
SES-003063,VIS-0330,2023-11-04,1.0,False
SES-003334,VIS-0357,2024-04-29,1.0,True
SES-003206,VIS-0344,2024-04-05,8.0,False
SES-001267,VIS-0138,2023-06-10,2.0,False
SES-000975,VIS-0107,2023-12-01,11.0,False
SES-001602,VIS-0175,2024-01-22,4.0,False
SES-003915,VIS-0421,2023-10-15,10.0,False
SES-001357,VIS-0147,2023-08-04,3.0,True
SES-002894,VIS-0312,2024-06-30,24.0,False
SES-002578,VIS-0280,2024-05-11,19.0,True
SES-003651,VIS-0392,2023-12-20,10.0,False
SES-002588,VIS-0281,2023-09-16,2.0,True
SES-000049,VIS-0005,2023-08-03,20.0,True
SES-003951,VIS-0424,2024-02-11,1.0,False
SES-003751,VIS-0402,2023-07-07,9.0,True
SES-003076,VIS-0331,2024-05-23,4.0,False
SES-000831,VIS-0092,2023-06-28,8.0,False
SES-002694,VIS-0292,2024-01-07,16.0,False
SES-000856,VIS-0094,2024-06-04,1.0,False
SES-001162,VIS-0126,2024-05-14,15.0,False
SES-002779,VIS-0301,2024-04-09,1.0,False
SES-000096,VIS-0010,2024-05-04,14.0,False
SES-001895,VIS-0206,2024-03-23,10.0,True
SES-001118,VIS-0122,2023-12-22,13.0,False
SES-002703,VIS-0292,2024-03-08,14.0,True
SES-001458,VIS-0159,2024-04-24,10.0,False
SES-001587,VIS-0173,2023-08-17,9.0,False
SES-000198,VIS-0024,2023-06-29,2.0,True
SES-001475,VIS-0161,2023-10-20,7.0,False
SES-000417,VIS-0047,2023-08-10,4.0,False
SES-000005,VIS-0001,2024-02-14,14.0,True
SES-002621,VIS-0283,2023-09-15,1.0,False
SES-002814,VIS-0303,2023-12-20,1.0,False
SES-002986,VIS-0321,2023-10-21,13.0,False
SES-000925,VIS-0102,2023-12-08,4.0,False
SES-002105,VIS-0229,2023-08-24,4.0,False
SES-000861,VIS-0095,2023-07-04,14.0,True
SES-000747,VIS-0083,2024-01-28,13.0,True
SES-000960,VIS-0106,2024-04-06,7.0,False
SES-003399,VIS-0364,2024-01-27,8.0,False
SES-002548,VIS-0277,2024-05-25,16.0,True
SES-002434,VIS-0267,2023-07-16,1.0,False
SES-003510,VIS-0378,2024-05-16,4.0,False
SES-002675,VIS-0289,2023-10-18,19.0,False
SES-001440,VIS-0157,2023-11-15,16.0,True
SES-003584,VIS-0385,2024-02-26,1.0,False
SES-003508,VIS-0378,2024-06-16,17.926826057652047,True
SES-001132,VIS-0123,2024-04-16,19.0,False
SES-001310,VIS-0142,2023-09-18,14.0,False
SES-003290,VIS-0353,2023-08-17,1.0,False
SES-001375,VIS-0150,2023-10-11,4.0,False
SES-002550,VIS-0277,2024-05-18,13.0,False
SES-003614,VIS-0388,2024-01-20,10.0,False
SES-002013,VIS-0220,2024-03-11,4.0,False
SES-003740,VIS-0401,2024-05-17,14.0,False
SES-002649,VIS-0287,2024-05-31,11.0,False
SES-000543,VIS-0061,2023-09-02,11.0,True
SES-002336,VIS-0256,2024-03-22,4.0,True
SES-003698,VIS-0397,2024-02-27,10.0,True
SES-002095,VIS-0228,2023-10-17,16.0,True
SES-001056,VIS-0116,2023-09-02,5.0,True
SES-002372,VIS-0260,2024-05-04,6.0,False
SES-000826,VIS-0091,2023-06-18,5.0,False
SES-001275,VIS-0138,2024-02-03,7.0,False
SES-000542,VIS-0061,2023-11-03,12.0,False
SES-000554,VIS-0063,2023-11-26,7.0,True
SES-001126,VIS-0122,2024-02-15,12.0,False
SES-002263,VIS-0248,2023-10-12,19.0,False
SES-002592,VIS-0281,2024-01-22,7.0,True
SES-003950,VIS-0424,2024-05-18,1.0,False
SES-001005,VIS-0110,2023-07-14,13.0,False
SES-000474,VIS-0055,2024-04-20,36.309759577368595,False
SES-002463,VIS-0269,2024-01-18,12.0,False
SES-003074,VIS-0331,2023-07-04,12.0,False
SES-000538,VIS-0061,2024-02-01,8.0,False
SES-000819,VIS-0091,2023-11-26,4.0,True
SES-001476,VIS-0161,2023-09-28,3.0,False
SES-002385,VIS-0262,2023-10-13,1.0,True
SES-003700,VIS-0397,2023-08-05,13.0,True
SES-002162,VIS-0236,2023-09-17,4.0,False
SES-001231,VIS-0134,2023-12-01,18.0,False
SES-002824,VIS-0304,2023-06-27,1.0,False
SES-003123,VIS-0336,2023-10-26,7.0,False
SES-000923,VIS-0102,2024-05-03,4.0,True
SES-000341,VIS-0040,2024-04-11,14.0,False
SES-001762,VIS-0192,2024-01-10,9.0,False
SES-003694,VIS-0397,2023-07-27,7.0,False
SES-003911,VIS-0421,2023-10-18,10.0,True
SES-003107,VIS-0334,2023-12-02,11.0,True
SES-001690,VIS-0184,2024-04-14,9.0,True
SES-002030,VIS-0221,2023-12-01,3.0,False
SES-003865,VIS-0415,2023-08-21,6.0,False
SES-000749,VIS-0083,2023-12-22,14.0,False
SES-003333,VIS-0357,2023-07-08,1.0,False
SES-002529,VIS-0275,2024-05-28,2.0,False
SES-003622,VIS-0388,2023-08-09,4.0,False
SES-003849,VIS-0414,2023-06-19,3.0,True
SES-001811,VIS-0197,2024-06-30,8.0,False
SES-002119,VIS-0232,2023-08-15,5.0,False
SES-002971,VIS-0320,2024-06-12,6.0,False
SES-001302,VIS-0141,2023-06-04,6.0,False
SES-003897,VIS-0419,2023-11-29,21.0,False
SES-001715,VIS-0188,2024-04-18,2.0,False
SES-002333,VIS-0256,2024-05-30,10.0,False
SES-000875,VIS-0097,2024-05-20,5.0,False
SES-002097,VIS-0229,2023-11-11,5.0,False
SES-002201,VIS-0241,2024-01-19,5.0,False
SES-000865,VIS-0095,2023-11-22,12.0,True
SES-003427,VIS-0368,2024-06-23,1.0,False
SES-000916,VIS-0101,2024-02-27,14.0,True
SES-000893,VIS-0099,2024-03-19,6.0,False
SES-003302,VIS-0354,2024-06-15,9.0,False
SES-000039,VIS-0004,2023-12-15,10.0,True
SES-000132,VIS-0014,2023-10-14,12.0,False
SES-001318,VIS-0143,2024-03-30,5.0,False
SES-004011,VIS-0431,2024-01-30,13.0,False
SES-003117,VIS-0335,2024-06-02,9.0,False
SES-001906,VIS-0207,2024-02-16,11.0,False
SES-000355,VIS-0042,2023-08-09,1.0,False
SES-001068,VIS-0117,2023-09-27,1.0,False
SES-001710,VIS-0187,2023-08-03,1.0,False
SES-000174,VIS-0020,2024-06-17,4.0,True
SES-003869,VIS-0416,2024-03-03,12.0,True
SES-002325,VIS-0255,2023-12-02,7.0,False
SES-003120,VIS-0335,2023-12-14,4.0,False
SES-003273,VIS-0351,2023-09-08,2.0,False
SES-000332,VIS-0038,2023-12-02,3.0,False
SES-002085,VIS-0228,2023-10-20,9.0,True
SES-001432,VIS-0156,2024-04-02,11.0,False
SES-001584,VIS-0173,2024-05-12,9.0,False
SES-000786,VIS-0086,2023-09-15,45.95802328839041,False
SES-001222,VIS-0133,2024-03-20,10.0,False
SES-001537,VIS-0168,2023-09-05,4.0,True
SES-003174,VIS-0341,2023-11-14,7.0,False
SES-003220,VIS-0346,2024-06-08,1.0,False
SES-002825,VIS-0304,2023-10-04,1.0,False
SES-003998,VIS-0430,2024-02-08,1.0,False
SES-000723,VIS-0081,2024-06-05,1.0,False
SES-003666,VIS-0394,2023-08-29,6.0,False
SES-001174,VIS-0127,2024-01-06,15.0,False
SES-003402,VIS-0365,2024-03-14,11.0,True
SES-000867,VIS-0096,2024-03-09,9.0,False
SES-001975,VIS-0216,2024-03-16,2.0,True
SES-000115,VIS-0013,2023-10-22,9.0,True
SES-000571,VIS-0064,2023-10-17,8.0,False
SES-000553,VIS-0063,2023-08-13,4.0,True
SES-003238,VIS-0347,2023-11-26,14.0,False
SES-001328,VIS-0143,2023-07-08,7.0,False
SES-003451,VIS-0371,2024-06-13,13.0,False
SES-000379,VIS-0044,2023-10-25,14.0,True
SES-003191,VIS-0343,2024-01-11,12.0,True
SES-001166,VIS-0126,2024-01-11,14.0,True
SES-001256,VIS-0136,2024-02-25,6.0,True
SES-002908,VIS-0313,2024-01-05,1.0,True
SES-000359,VIS-0042,2023-07-21,1.0,True
SES-001133,VIS-0123,2024-06-24,18.0,False
SES-001609,VIS-0176,2023-06-10,9.0,True
SES-002156,VIS-0235,2023-10-20,10.0,False
SES-002942,VIS-0317,2023-07-27,3.0,False
SES-001800,VIS-0196,2024-02-17,1.0,True
SES-001353,VIS-0147,2023-09-20,9.0,True
SES-001837,VIS-0199,2023-10-02,-25.425314432397798,False
SES-001525,VIS-0167,2023-08-20,4.0,True
SES-001555,VIS-0170,2023-09-07,1.0,False
SES-002376,VIS-0260,2023-07-27,8.0,False
SES-001528,VIS-0167,2024-06-29,1.0,False
SES-003209,VIS-0345,2024-03-09,16.0,False
SES-003040,VIS-0327,2024-06-01,8.0,False
SES-003892,VIS-0419,2023-10-19,17.0,False
SES-000214,VIS-0025,2024-03-28,3.0,False
SES-002283,VIS-0251,2023-10-13,3.0,False
SES-002015,VIS-0220,2023-12-17,9.0,False
SES-003490,VIS-0375,2023-12-10,2.0,False
SES-000255,VIS-0030,2024-02-20,14.0,False
SES-002854,VIS-0307,2023-09-10,15.0,False
SES-002573,VIS-0279,2024-03-29,6.0,False
SES-002063,VIS-0224,2023-11-22,1.0,False
SES-002835,VIS-0305,2023-10-12,8.0,False
SES-000100,VIS-0011,2023-08-24,1.0,False
SES-003937,VIS-0423,2024-05-07,13.0,False
SES-002395,VIS-0263,2023-11-22,8.0,True
SES-002936,VIS-0316,2024-01-01,11.0,True
SES-001279,VIS-0139,2024-02-26,19.976877307234613,True
SES-000409,VIS-0046,2023-10-29,22.0,False
SES-003768,VIS-0404,2024-06-01,6.0,False
SES-000509,VIS-0058,2024-02-09,7.0,False
SES-002722,VIS-0294,2023-10-05,10.0,True
SES-000846,VIS-0093,2024-05-28,4.0,True
SES-001819,VIS-0197,2023-08-31,6.0,True
SES-001454,VIS-0158,2023-06-28,11.0,False
SES-000246,VIS-0028,2024-02-14,4.0,False
SES-001770,VIS-0193,2023-09-27,8.0,False
SES-003479,VIS-0374,2024-03-21,9.0,False
SES-002910,VIS-0314,2024-06-15,20.0,False
SES-003396,VIS-0364,2023-06-26,10.0,False
SES-002499,VIS-0272,2024-03-06,13.0,False
SES-002906,VIS-0313,2024-02-02,1.0,False
SES-002379,VIS-0261,2024-02-12,1.0,False
SES-002014,VIS-0220,2024-04-21,1.0,True
SES-000129,VIS-0014,2023-10-05,13.0,True
SES-001561,VIS-0170,2023-08-23,3.0,False
SES-002745,VIS-0296,2023-12-08,11.0,True
SES-001363,VIS-0148,2024-05-27,9.0,True
SES-002346,VIS-0257,2024-01-10,4.0,True
SES-001708,VIS-0186,2023-08-02,3.0,False
SES-000845,VIS-0093,2023-07-01,2.0,False
SES-003726,VIS-0400,2024-02-07,10.0,False
SES-002576,VIS-0280,2023-10-07,18.0,False
SES-000661,VIS-0074,2023-11-24,4.0,False
SES-000494,VIS-0056,2024-05-15,8.0,False
SES-003185,VIS-0343,2023-08-08,6.0,True
SES-000126,VIS-0014,2023-06-02,12.0,False
SES-002989,VIS-0321,2023-12-11,12.0,False
SES-001777,VIS-0194,2024-01-07,9.0,True
SES-001850,VIS-0200,2024-02-19,17.0,False
SES-000967,VIS-0107,2024-06-22,10.0,False
SES-001338,VIS-0145,2024-05-03,17.0,False
SES-000290,VIS-0034,2024-03-29,1.0,False
SES-002531,VIS-0275,2024-01-24,5.0,False
SES-000682,VIS-0076,2023-07-10,10.0,True
SES-003135,VIS-0336,2023-12-15,7.0,False
SES-001514,VIS-0165,2023-12-02,8.0,True
SES-003763,VIS-0403,2023-08-16,11.0,False
SES-003818,VIS-0410,2024-01-15,13.0,False
SES-001801,VIS-0196,2024-05-12,3.0,False
SES-000059,VIS-0006,2023-07-03,6.0,False
SES-001031,VIS-0113,2024-04-05,8.0,True
SES-000137,VIS-0015,2024-01-13,4.0,False
SES-000879,VIS-0098,2024-06-20,1.0,False
SES-003423,VIS-0368,2023-08-08,1.0,False
SES-002558,VIS-0278,2024-05-03,35.71206294707049,True
SES-002280,VIS-0250,2024-01-28,10.0,False
SES-002707,VIS-0293,2024-03-14,1.0,False
SES-000784,VIS-0086,2023-11-23,15.0,False
SES-001175,VIS-0127,2023-08-15,13.0,True
SES-002652,VIS-0287,2023-08-24,10.0,False
SES-000052,VIS-0005,2023-07-25,14.0,True
SES-000356,VIS-0042,2024-05-08,1.0,True
SES-003575,VIS-0383,2024-04-28,5.0,True
SES-001144,VIS-0124,2024-05-24,1.0,True
SES-000196,VIS-0023,2024-03-11,12.0,False
SES-001410,VIS-0154,2023-11-28,6.0,False
SES-002020,VIS-0220,2024-06-05,6.0,True
SES-001854,VIS-0200,2023-06-02,18.0,False
SES-003454,VIS-0371,2024-06-27,10.0,False
SES-003582,VIS-0384,2024-01-31,15.0,False
SES-001702,VIS-0185,2023-07-26,1.0,False
SES-001768,VIS-0193,2024-01-08,8.0,False
SES-000739,VIS-0082,2024-04-14,4.0,False
SES-001006,VIS-0111,2024-03-07,5.0,False
SES-002120,VIS-0232,2024-01-27,6.0,False
SES-001857,VIS-0201,2024-05-02,9.0,True
SES-002087,VIS-0228,2023-10-26,10.0,False
SES-002321,VIS-0255,2023-12-30,8.0,False
SES-000073,VIS-0008,2023-10-16,7.0,False
SES-001148,VIS-0124,2023-08-18,1.0,True
SES-003824,VIS-0410,2023-12-31,16.0,False
SES-001413,VIS-0154,2024-01-10,11.0,True
SES-003458,VIS-0371,2023-09-30,14.0,False
SES-002819,VIS-0304,2023-12-05,1.0,True
SES-000724,VIS-0081,2024-03-08,1.0,True
SES-001080,VIS-0119,2024-03-26,4.0,True
SES-003752,VIS-0402,2024-02-08,7.0,False
SES-000919,VIS-0101,2023-11-18,13.0,False
SES-003499,VIS-0377,2024-01-22,13.0,True
SES-002834,VIS-0305,2023-08-18,12.0,False
SES-001311,VIS-0142,2024-05-23,10.0,False
SES-002488,VIS-0271,2023-12-05,10.0,False
SES-000455,VIS-0052,2023-06-20,1.0,True
SES-001449,VIS-0158,2023-10-20,14.0,False
SES-003544,VIS-0381,2024-02-05,10.0,False
SES-000193,VIS-0023,2023-06-08,16.0,False
SES-002521,VIS-0275,2024-02-14,3.0,False
SES-000547,VIS-0062,2023-07-01,13.0,False
SES-000896,VIS-0099,2024-01-04,8.0,False
SES-003613,VIS-0388,2023-07-22,5.0,True
SES-000249,VIS-0029,2024-03-02,1.0,False
SES-002392,VIS-0262,2023-09-08,24.827391338219527,True
SES-003352,VIS-0359,2023-06-10,4.0,True
SES-003593,VIS-0385,2024-02-12,4.0,False
SES-002345,VIS-0257,2024-05-21,5.0,False
SES-002218,VIS-0244,2023-09-26,9.0,False
SES-003781,VIS-0406,2023-07-18,18.0,True
SES-003861,VIS-0415,2023-06-18,9.0,False
SES-000405,VIS-0046,2023-06-20,23.0,False
SES-003236,VIS-0347,2024-03-12,17.0,True
SES-001531,VIS-0167,2023-08-07,6.0,False
SES-003119,VIS-0335,2023-06-17,11.0,False
SES-003222,VIS-0346,2024-04-04,1.0,False
SES-000154,VIS-0018,2024-01-11,10.0,False
SES-003054,VIS-0329,2023-09-12,3.0,False
SES-003126,VIS-0336,2024-05-05,6.0,False
SES-000785,VIS-0086,2023-07-03,11.0,False
SES-003853,VIS-0414,2023-10-18,4.0,True
SES-002783,VIS-0301,2024-04-07,1.0,False
SES-000931,VIS-0103,2023-10-25,14.0,False
SES-003408,VIS-0365,2024-04-09,10.0,False
SES-002232,VIS-0245,2023-06-20,6.0,True
SES-000555,VIS-0063,2023-09-05,6.0,True
SES-002758,VIS-0298,2023-10-23,1.0,False
SES-000992,VIS-0109,2024-01-21,1.0,False
SES-000029,VIS-0003,2023-10-01,8.0,False
SES-002438,VIS-0267,2024-03-04,1.0,False
SES-003663,VIS-0394,2023-12-28,8.0,True
SES-000963,VIS-0106,2023-10-01,7.0,False
SES-000434,VIS-0049,2023-07-06,12.0,False
SES-001236,VIS-0134,2024-01-07,18.0,False
SES-001178,VIS-0127,2024-06-30,15.0,True
SES-003100,VIS-0334,2024-04-23,11.0,True
SES-001018,VIS-0112,2024-03-30,5.0,False
SES-002978,VIS-0320,2023-08-12,12.0,True
SES-000127,VIS-0014,2023-12-08,12.0,False
SES-000910,VIS-0101,2024-02-17,11.0,False
SES-000371,VIS-0043,2023-10-22,6.0,False
SES-004030,VIS-0435,2023-12-21,8.0,False
SES-002947,VIS-0318,2024-01-21,7.0,False
SES-001636,VIS-0179,2023-10-24,2.0,False
SES-003129,VIS-0336,2023-09-01,6.0,True
SES-002490,VIS-0271,2023-08-27,12.0,False
SES-002382,VIS-0261,2024-02-28,1.0,False
SES-001277,VIS-0139,2023-10-02,5.0,True
SES-000957,VIS-0106,2023-09-23,8.0,True
SES-000982,VIS-0108,2023-11-04,5.0,True
SES-002173,VIS-0237,2024-06-03,6.0,False
SES-001932,VIS-0210,2024-05-17,12.0,False
SES-003210,VIS-0345,2024-05-04,15.0,False
SES-001050,VIS-0115,2023-09-10,18.0,False
SES-001843,VIS-0199,2023-12-25,5.0,False
SES-001761,VIS-0192,2023-10-13,9.0,True
SES-000350,VIS-0041,2023-10-31,14.0,False
SES-000690,VIS-0077,2023-10-24,14.0,True
SES-001559,VIS-0170,2023-10-23,1.0,False
SES-000870,VIS-0096,2024-05-23,11.0,False
SES-001213,VIS-0131,2023-09-08,-21.900937248321274,False
SES-001858,VIS-0201,2024-05-19,8.0,True
SES-004043,VIS-0436,2024-03-02,10.0,False
SES-001448,VIS-0158,2024-05-20,10.0,False
SES-001558,VIS-0170,2023-07-04,1.0,True
SES-003549,VIS-0381,2024-01-14,11.0,False
SES-000973,VIS-0107,2024-04-21,9.0,False
SES-001808,VIS-0196,2024-02-21,2.0,False
SES-001925,VIS-0209,2023-07-31,3.0,True
SES-001693,VIS-0184,2024-05-08,12.0,False
SES-003565,VIS-0382,2024-05-27,12.0,False
SES-000998,VIS-0110,2024-03-03,13.0,True
SES-002100,VIS-0229,2023-07-11,3.0,False
SES-003723,VIS-0400,2023-07-16,4.0,True
SES-002276,VIS-0250,2024-01-04,7.0,False
SES-000953,VIS-0106,2023-06-27,4.0,False
SES-003995,VIS-0430,2024-02-08,1.0,False
SES-001980,VIS-0216,2024-01-02,5.0,False
SES-003429,VIS-0368,2024-05-31,1.0,True
SES-002262,VIS-0248,2023-07-02,11.0,False
SES-003868,VIS-0416,2023-10-07,10.0,False
SES-000841,VIS-0093,2024-04-21,6.0,True
SES-002635,VIS-0285,2023-07-14,9.0,False
SES-001346,VIS-0146,2023-07-26,11.0,False
SES-002288,VIS-0251,2023-11-21,4.0,True
SES-002918,VIS-0314,2023-09-27,18.0,False
SES-000016,VIS-0002,2024-02-04,-12.731296611572397,False
SES-001957,VIS-0213,2024-01-20,4.0,False
SES-003440,VIS-0370,2023-07-29,10.0,True
SES-000397,VIS-0045,2024-06-18,12.0,True
SES-000710,VIS-0079,2023-07-27,1.0,False
SES-000220,VIS-0026,2024-04-10,3.0,True
SES-002305,VIS-0253,2024-02-21,12.0,False
SES-000790,VIS-0087,2023-11-29,1.0,True
SES-004018,VIS-0432,2024-04-19,1.0,False
SES-000546,VIS-0061,2024-04-27,15.0,False
SES-001545,VIS-0168,2023-07-07,1.0,False
SES-000764,VIS-0084,2024-05-01,22.0,True
SES-002815,VIS-0304,2023-07-09,1.0,False
SES-003445,VIS-0370,2023-09-12,9.0,False
SES-002130,VIS-0233,2023-08-05,16.0,False
SES-003247,VIS-0348,2024-02-16,1.0,False
SES-002047,VIS-0223,2023-07-16,4.0,False
SES-003989,VIS-0429,2023-12-21,3.0,False
SES-001220,VIS-0133,2023-10-04,9.0,True
SES-000082,VIS-0009,2023-06-29,10.0,False
SES-002528,VIS-0275,2024-04-03,5.0,False
SES-002277,VIS-0250,2023-06-22,12.0,False
SES-000165,VIS-0020,2024-02-03,1.0,False
SES-000440,VIS-0050,2024-04-05,5.0,False
SES-002574,VIS-0279,2023-11-16,3.0,False
SES-002316,VIS-0254,2023-12-31,5.0,False
SES-003766,VIS-0404,2023-11-12,9.0,False
SES-002742,VIS-0296,2023-11-07,13.0,False
SES-003539,VIS-0380,2024-03-08,4.0,False
SES-001379,VIS-0151,2023-11-10,3.0,False
SES-000586,VIS-0066,2024-05-08,3.0,False
SES-002084,VIS-0227,2024-05-12,14.0,False
SES-000466,VIS-0053,2024-01-21,1.0,False
SES-002042,VIS-0222,2023-12-04,9.0,False
SES-000808,VIS-0089,2024-06-10,9.0,True
SES-002484,VIS-0271,2024-06-30,6.0,True
SES-003676,VIS-0395,2024-01-29,1.0,True
SES-003096,VIS-0333,2023-09-23,3.0,False
SES-002740,VIS-0295,2023-08-23,19.0,False
SES-002354,VIS-0258,2024-06-08,11.0,False
SES-000512,VIS-0058,2024-03-04,12.0,False
SES-002770,VIS-0299,2023-08-31,7.0,False
SES-003030,VIS-0326,2024-06-02,25.0,False
SES-002078,VIS-0226,2023-12-01,7.0,True
SES-001160,VIS-0126,2024-03-30,15.0,False
SES-003211,VIS-0345,2024-01-22,16.0,False
SES-003894,VIS-0419,2023-07-03,17.0,False
SES-002485,VIS-0271,2024-04-22,13.0,False
SES-002425,VIS-0266,2024-01-30,11.0,True
SES-001313,VIS-0142,2023-07-08,10.0,True
SES-000596,VIS-0068,2024-04-30,14.0,False
SES-002061,VIS-0224,2023-10-03,1.0,False
SES-000481,VIS-0055,2023-07-03,1.0,False
SES-001372,VIS-0150,2024-06-08,1.0,False
SES-001921,VIS-0209,2023-11-27,10.0,True
SES-002139,VIS-0233,2024-05-04,20.0,True
SES-002547,VIS-0277,2023-07-01,11.0,True
SES-002310,VIS-0254,2024-04-25,7.0,False
SES-002465,VIS-0269,2024-01-08,10.0,False
SES-000936,VIS-0104,2023-06-18,11.0,False
SES-003990,VIS-0429,2024-01-27,4.0,False
SES-000199,VIS-0024,2023-09-26,1.0,True
SES-003355,VIS-0359,2023-07-30,10.0,False
SES-002439,VIS-0267,2024-05-23,1.0,False
SES-001640,VIS-0179,2024-02-05,5.0,False
SES-000908,VIS-0100,2023-08-29,1.0,False
SES-000084,VIS-0009,2023-09-10,5.0,False
SES-002806,VIS-0303,2023-09-02,3.0,False
SES-004042,VIS-0436,2024-03-19,5.0,True
SES-001541,VIS-0168,2023-12-24,7.0,False
SES-001892,VIS-0206,2024-06-15,3.0,False
SES-003905,VIS-0420,2024-03-18,11.0,False
SES-001786,VIS-0195,2024-05-25,51.13145095420133,True
SES-000695,VIS-0078,2023-11-24,12.0,False
SES-003253,VIS-0349,2024-03-18,2.0,False
SES-000561,VIS-0063,2023-12-05,5.0,False
SES-003156,VIS-0339,2023-06-14,7.0,False
SES-001065,VIS-0117,2024-06-06,3.0,False
SES-002249,VIS-0247,2023-08-03,8.0,True
SES-000433,VIS-0049,2023-09-20,3.0,True
SES-003419,VIS-0367,2023-12-29,9.0,True
SES-000330,VIS-0038,2023-12-27,10.0,False
SES-000646,VIS-0072,2023-11-19,8.0,False
SES-002234,VIS-0245,2024-05-24,9.0,False
SES-001844,VIS-0199,2023-11-01,6.0,True
SES-000894,VIS-0099,2024-05-18,8.0,False
SES-002932,VIS-0315,2023-12-13,9.0,False
SES-001938,VIS-0211,2023-07-27,2.0,False
SES-002886,VIS-0311,2023-09-14,9.0,True
SES-000348,VIS-0040,2024-06-21,13.0,False
SES-003640,VIS-0391,2023-07-20,12.0,False
SES-001564,VIS-0171,2023-09-17,1.0,False
SES-003880,VIS-0417,2024-04-22,10.0,False
SES-002946,VIS-0318,2023-09-25,8.0,False
SES-001051,VIS-0115,2023-08-11,9.0,False
SES-003828,VIS-0411,2023-12-26,13.0,False
SES-000143,VIS-0017,2024-06-23,10.0,True
SES-001288,VIS-0140,2023-06-21,16.0,True
SES-002034,VIS-0222,2024-06-24,2.0,False
SES-003831,VIS-0411,2024-03-30,13.0,False
SES-002803,VIS-0302,2024-05-05,1.0,True
SES-001973,VIS-0215,2024-04-22,14.0,False
SES-001394,VIS-0152,2023-08-21,12.0,False
SES-000484,VIS-0055,2023-11-18,1.0,False
SES-001196,VIS-0130,2023-11-03,21.0,False
SES-003269,VIS-0350,2023-11-15,6.0,False
SES-001984,VIS-0217,2023-07-18,4.0,True
SES-001946,VIS-0212,2024-01-08,4.0,False
SES-002796,VIS-0302,2024-06-24,1.0,False
SES-002322,VIS-0255,2023-08-06,3.0,False
SES-002221,VIS-0244,2023-06-19,13.0,False
SES-003068,VIS-0330,2024-05-24,1.0,False
SES-003412,VIS-0366,2024-03-06,8.0,False
SES-003553,VIS-0381,2024-01-18,11.0,False
SES-002950,VIS-0318,2023-08-31,5.0,False
SES-001634,VIS-0178,2023-11-24,11.0,False
SES-002809,VIS-0303,2024-05-29,8.0,True
SES-000840,VIS-0093,2024-02-18,1.0,False
SES-002587,VIS-0280,2024-03-31,16.0,False
SES-001238,VIS-0135,2023-08-01,1.0,False
SES-003013,VIS-0324,2023-06-08,3.0,False
SES-003214,VIS-0345,2023-12-08,37.78510357537786,True
SES-001724,VIS-0188,2024-02-01,2.0,False
SES-001849,VIS-0200,2023-11-10,11.0,False
SES-000406,VIS-0046,2023-09-13,22.0,True
SES-003668,VIS-0394,2023-07-10,1.0,True
SES-003193,VIS-0343,2023-06-27,6.0,True
SES-002575,VIS-0279,2023-07-27,7.0,False
SES-002396,VIS-0263,2023-07-23,5.0,False
SES-000461,VIS-0052,2023-08-14,1.0,False
SES-002764,VIS-0299,2024-02-25,3.0,False
SES-000499,VIS-0057,2024-02-02,8.0,False
SES-001442,VIS-0157,2023-06-24,13.0,False
SES-001543,VIS-0168,2024-01-18,5.0,True
SES-000778,VIS-0086,2024-04-03,13.0,True
SES-000172,VIS-0020,2024-05-28,4.0,False
SES-000719,VIS-0081,2024-04-27,1.0,False
SES-000631,VIS-0070,2024-01-31,2.0,False
SES-004037,VIS-0435,2023-10-26,15.0,True
SES-000149,VIS-0018,2023-11-12,9.0,False
SES-001070,VIS-0117,2023-12-13,3.0,False
SES-003296,VIS-0354,2023-10-25,8.0,True
SES-002125,VIS-0232,2023-08-17,2.0,True
SES-001744,VIS-0190,2023-10-27,9.0,False
SES-000900,VIS-0100,2023-07-09,4.0,False
SES-001211,VIS-0131,2023-08-04,1.0,False
SES-003825,VIS-0410,2023-07-13,21.0,False
SES-000523,VIS-0060,2023-09-28,1.0,True
SES-000318,VIS-0036,2024-05-15,8.0,True
SES-003569,VIS-0382,2023-07-06,13.0,False
SES-002132,VIS-0233,2023-11-18,14.0,True
SES-000090,VIS-0010,2023-07-17,16.0,False
SES-003596,VIS-0386,2023-12-29,1.0,True
SES-002049,VIS-0223,2023-06-24,7.0,False
SES-003213,VIS-0345,2024-05-21,19.0,False
SES-001496,VIS-0164,2023-10-27,1.0,False
SES-002692,VIS-0291,2023-10-10,1.0,False
SES-003137,VIS-0337,2023-10-07,5.0,True
SES-001891,VIS-0206,2023-06-21,8.0,False
SES-001898,VIS-0206,2023-08-04,4.0,True
SES-002995,VIS-0322,2023-12-16,11.0,True
SES-000970,VIS-0107,2024-06-17,11.0,True
SES-001195,VIS-0130,2023-07-18,10.0,True
SES-003246,VIS-0348,2024-02-10,1.0,False
SES-001129,VIS-0123,2024-04-01,17.0,False
SES-000487,VIS-0056,2024-03-04,8.0,False
SES-002830,VIS-0305,2024-04-15,11.0,True
SES-001064,VIS-0116,2023-06-01,12.0,False
SES-000815,VIS-0090,2023-12-17,1.0,False
SES-000947,VIS-0105,2024-05-09,1.0,False
SES-000735,VIS-0082,2024-03-16,2.0,False
SES-000156,VIS-0018,2024-01-17,9.0,True
SES-000151,VIS-0018,2023-07-28,12.0,True
SES-001563,VIS-0171,2023-12-20,1.0,False
SES-001453,VIS-0158,2023-09-28,14.0,False
SES-001998,VIS-0218,2023-10-14,9.0,False
SES-000364,VIS-0042,2023-07-17,1.0,False
SES-003248,VIS-0349,2023-12-20,6.0,False
SES-000956,VIS-0106,2023-06-22,7.0,True
SES-002134,VIS-0233,2024-06-30,16.0,True
SES-002927,VIS-0315,2024-04-04,8.0,True
SES-002876,VIS-0310,2023-12-14,12.0,False
SES-001552,VIS-0169,2023-08-07,11.0,True
SES-003312,VIS-0355,2024-05-06,1.0,False
SES-001377,VIS-0150,2024-03-09,1.0,True
SES-003502,VIS-0377,2023-08-10,10.0,False
SES-003398,VIS-0364,2024-05-19,10.0,False
SES-001237,VIS-0134,2023-11-13,20.0,False
SES-002969,VIS-0320,2023-11-20,7.0,True
SES-001208,VIS-0131,2023-12-07,1.0,False
SES-003848,VIS-0413,2024-02-29,1.0,True
SES-001495,VIS-0163,2024-03-10,4.0,True
SES-003323,VIS-0356,2024-03-14,6.0,False
SES-002973,VIS-0320,2023-10-10,2.0,True
SES-001223,VIS-0133,2023-09-30,12.0,False
SES-002654,VIS-0287,2024-03-22,16.0,False
SES-002544,VIS-0276,2024-02-08,9.0,True
SES-001551,VIS-0169,2023-06-13,10.0,False
SES-000655,VIS-0073,2023-12-14,10.0,False
SES-001730,VIS-0189,2023-11-07,23.0,True
SES-001502,VIS-0164,2023-11-03,1.0,True
SES-003976,VIS-0427,2024-02-12,11.0,False
SES-002799,VIS-0302,2023-12-01,6.0,True
SES-000333,VIS-0038,2024-01-15,5.0,False
SES-000839,VIS-0093,2023-08-18,7.0,False
SES-002445,VIS-0268,2023-06-13,2.0,False
SES-003697,VIS-0397,2024-01-11,12.0,True
SES-000757,VIS-0084,2023-09-20,17.0,False
SES-000169,VIS-0020,2023-10-12,5.0,True
SES-001140,VIS-0124,2023-08-12,1.0,False
SES-003319,VIS-0356,2024-03-14,1.0,False
SES-002257,VIS-0247,2024-01-22,3.0,False
SES-000700,VIS-0079,2023-09-25,3.0,True
SES-000086,VIS-0009,2024-06-02,6.0,False
SES-001250,VIS-0136,2024-03-11,7.0,False
SES-003603,VIS-0386,2023-08-07,3.0,True
SES-001830,VIS-0198,2024-01-21,1.0,False
SES-000158,VIS-0019,2023-06-03,4.0,False
SES-003629,VIS-0390,2023-11-15,9.0,True
SES-003305,VIS-0355,2023-10-04,1.0,True
SES-001040,VIS-0114,2023-09-12,12.0,True
SES-003717,VIS-0399,2024-05-07,4.0,False
SES-001872,VIS-0202,2023-10-02,11.0,True
SES-001069,VIS-0117,2023-11-03,3.0,False
SES-000763,VIS-0084,2024-05-01,18.0,False
SES-003442,VIS-0370,2023-10-11,13.0,False
SES-000248,VIS-0029,2023-11-12,1.0,False
SES-002011,VIS-0220,2023-11-12,7.0,False
SES-003641,VIS-0391,2023-08-08,7.0,True
SES-001420,VIS-0155,2023-12-22,10.0,True
SES-001791,VIS-0195,2023-12-19,15.0,True
SES-003534,VIS-0380,2023-09-14,7.0,True
SES-004041,VIS-0436,2024-06-25,8.0,True
SES-000099,VIS-0011,2023-07-11,1.0,True
SES-002368,VIS-0259,2023-07-15,1.0,False
SES-002016,VIS-0220,2023-09-21,6.0,False
SES-003369,VIS-0360,2023-12-06,-17.14058215729667,False
SES-002884,VIS-0311,2023-07-28,1.0,True
SES-003164,VIS-0340,2023-09-25,7.0,False
SES-001229,VIS-0134,2024-06-25,-5.2929103838170874,False
SES-003128,VIS-0336,2024-04-19,1.0,True
SES-000911,VIS-0101,2024-06-21,23.0,True
SES-003667,VIS-0394,2024-05-22,5.0,False
SES-001655,VIS-0181,2024-02-28,1.0,False
SES-002793,VIS-0302,2024-06-11,8.0,False
SES-004019,VIS-0432,2024-05-26,3.0,False
SES-003436,VIS-0369,2024-05-13,4.0,False
SES-003654,VIS-0392,2024-05-15,11.0,True
SES-003957,VIS-0425,2023-10-29,12.0,True
SES-000159,VIS-0019,2023-09-14,1.0,False
SES-002172,VIS-0236,2024-01-05,7.0,False
SES-003166,VIS-0341,2023-11-07,7.0,False
SES-002478,VIS-0270,2023-07-18,12.0,False
SES-001928,VIS-0210,2024-05-22,13.0,False
SES-004046,VIS-0437,2024-01-15,6.0,False
SES-002307,VIS-0254,2024-05-17,8.0,False
SES-003886,VIS-0418,2023-08-05,11.0,False
SES-000375,VIS-0043,2023-06-03,11.0,True
SES-002240,VIS-0246,2023-10-27,2.0,False
SES-003488,VIS-0375,2024-03-03,7.0,False
SES-000626,VIS-0070,2024-04-14,4.0,True
SES-001633,VIS-0178,2023-09-21,14.0,True
SES-001855,VIS-0200,2023-06-06,12.0,False
SES-001612,VIS-0176,2024-04-11,10.0,False
SES-000374,VIS-0043,2023-10-08,8.0,True
SES-001989,VIS-0217,2024-01-09,5.0,True
SES-000619,VIS-0070,2024-05-20,8.0,False
SES-003785,VIS-0406,2024-06-07,12.0,False
SES-002216,VIS-0243,2024-02-25,16.0,False
SES-000468,VIS-0054,2024-04-04,5.0,False
SES-003037,VIS-0327,2023-10-06,9.0,True
SES-002545,VIS-0277,2024-03-25,16.0,False
SES-002554,VIS-0277,2023-07-12,12.0,False
SES-002782,VIS-0301,2024-03-19,2.0,False
SES-003518,VIS-0378,2023-08-03,1.0,False
SES-001186,VIS-0128,2023-10-08,15.0,False
SES-001733,VIS-0189,2024-06-12,17.0,True
SES-001038,VIS-0114,2023-09-16,12.0,False
SES-003048,VIS-0329,2024-02-10,7.0,True
SES-002974,VIS-0320,2024-05-09,6.0,False
SES-001797,VIS-0196,2024-01-17,7.0,False
SES-002412,VIS-0265,2024-01-12,3.0,False
SES-000955,VIS-0106,2024-05-03,11.0,False
SES-001599,VIS-0175,2023-06-09,4.0,False
SES-000607,VIS-0069,2024-03-21,7.0,False
SES-003260,VIS-0349,2024-06-02,7.0,True
SES-001149,VIS-0125,2024-02-19,9.0,False
SES-003854,VIS-0414,2023-06-06,3.0,False
SES-002903,VIS-0313,2023-07-28,1.0,False
SES-002594,VIS-0281,2023-09-17,1.0,True
SES-002468,VIS-0269,2023-11-17,10.0,False
SES-000842,VIS-0093,2023-11-12,1.0,False
SES-000993,VIS-0109,2023-09-24,3.0,False
SES-002308,VIS-0254,2024-02-09,11.0,True
SES-000612,VIS-0069,2024-02-25,9.0,False
SES-000373,VIS-0043,2024-03-29,13.0,True
SES-001425,VIS-0155,2023-07-16,10.0,False
SES-000224,VIS-0026,2023-09-03,1.0,True
SES-003287,VIS-0352,2023-11-20,6.0,False
SES-002233,VIS-0245,2024-03-23,8.0,False
SES-000465,VIS-0053,2024-02-09,1.0,False
SES-002331,VIS-0255,2023-12-10,7.0,False
SES-002430,VIS-0266,2023-06-11,13.0,False
SES-000051,VIS-0005,2023-12-08,12.0,True
SES-003559,VIS-0382,2023-11-12,13.0,False
SES-002600,VIS-0282,2023-09-01,5.0,True
SES-003960,VIS-0425,2023-07-30,11.0,False
SES-001241,VIS-0135,2023-08-28,1.0,False
SES-003501,VIS-0377,2024-06-13,10.0,True
SES-000279,VIS-0033,2023-08-05,-10.11735188484538,False
SES-003142,VIS-0337,2024-01-06,1.0,False
SES-003453,VIS-0371,2023-11-07,16.0,False
SES-003249,VIS-0349,2023-07-26,5.0,False
SES-002698,VIS-0292,2023-08-02,15.0,False
SES-004036,VIS-0435,2023-06-23,11.0,False
SES-001248,VIS-0136,2024-03-10,-15.13633304478693,True
SES-003814,VIS-0409,2023-08-24,12.0,True
SES-000472,VIS-0054,2024-05-25,8.0,False
SES-000758,VIS-0084,2024-01-26,15.0,False
SES-000495,VIS-0056,2024-05-31,5.0,False
SES-003059,VIS-0330,2024-02-29,1.0,False
SES-002817,VIS-0304,2023-08-14,1.0,False
SES-002931,VIS-0315,2024-02-12,7.0,True
SES-000658,VIS-0073,2023-10-16,9.0,False
SES-001961,VIS-0213,2024-04-27,11.0,False
SES-002530,VIS-0275,2024-06-01,4.0,True
SES-003363,VIS-0360,2023-12-24,11.0,False
SES-001336,VIS-0145,2023-12-09,24.0,False
SES-000314,VIS-0036,2024-06-26,4.0,False
SES-001740,VIS-0190,2024-06-04,14.0,False
SES-001902,VIS-0207,2023-09-28,8.0,False
SES-001399,VIS-0153,2023-12-14,8.0,False
SES-001711,VIS-0187,2023-11-02,1.0,False
SES-001009,VIS-0111,2024-05-17,9.0,False
SES-003598,VIS-0386,2023-10-14,1.0,False
SES-001536,VIS-0168,2024-05-25,1.0,False
SES-003757,VIS-0403,2023-10-17,7.0,False
SES-000011,VIS-0001,2023-10-13,7.0,False
SES-001254,VIS-0136,2023-08-27,7.0,True
SES-003993,VIS-0429,2024-05-09,6.0,True
SES-000640,VIS-0071,2024-02-06,4.0,False
SES-002863,VIS-0308,2024-06-07,7.0,True
SES-001577,VIS-0172,2024-06-20,3.0,True
SES-002812,VIS-0303,2023-07-24,1.0,False
SES-001470,VIS-0161,2023-06-18,3.0,False
SES-001025,VIS-0113,2024-06-11,10.0,True
SES-000889,VIS-0098,2024-06-29,2.0,True
SES-003038,VIS-0327,2023-06-20,4.0,True
SES-001815,VIS-0197,2024-06-24,6.0,False
SES-003435,VIS-0369,2023-06-23,6.0,True
SES-001466,VIS-0160,2023-07-25,1.0,False
SES-002647,VIS-0286,2024-06-29,17.0,False
SES-001193,VIS-0129,2024-02-13,7.0,False
SES-001945,VIS-0212,2023-12-21,3.0,True
SES-003178,VIS-0341,2024-01-12,11.0,False
SES-000452,VIS-0052,2023-11-19,1.0,False
SES-002640,VIS-0286,2023-11-19,17.0,False
SES-001704,VIS-0185,2023-09-09,1.0,True
SES-003201,VIS-0344,2023-09-27,10.0,False
SES-001114,VIS-0121,2023-09-06,1.0,False
SES-001355,VIS-0147,2024-03-07,2.0,True
SES-000511,VIS-0058,2023-09-20,10.0,True
SES-000922,VIS-0102,2024-01-26,4.0,False
SES-000418,VIS-0047,2024-03-02,1.0,False
SES-003900,VIS-0419,2023-07-04,18.0,False
SES-002585,VIS-0280,2024-01-07,17.0,False
SES-001977,VIS-0216,2023-10-25,3.0,False
SES-000966,VIS-0107,2024-02-26,11.0,True
SES-001037,VIS-0114,2023-11-21,17.0,False
SES-001246,VIS-0136,2024-04-05,10.0,True
SES-000693,VIS-0077,2024-03-15,8.0,False
SES-000369,VIS-0043,2023-07-10,9.0,False
SES-003980,VIS-0428,2023-07-07,4.0,True
SES-003971,VIS-0427,2024-04-02,16.0,False
SES-003587,VIS-0385,2023-08-03,6.0,False
SES-000492,VIS-0056,2023-07-24,8.0,False
SES-004003,VIS-0430,2023-12-13,6.0,True
SES-001055,VIS-0115,2024-04-27,16.0,False
SES-003301,VIS-0354,2023-11-02,8.0,True
SES-000131,VIS-0014,2023-10-11,16.0,False
SES-001127,VIS-0123,2024-02-03,18.0,True
SES-003309,VIS-0355,2023-09-12,1.0,False
SES-001255,VIS-0136,2024-03-02,4.0,False
SES-002108,VIS-0229,2023-08-20,2.0,True
SES-002514,VIS-0274,2023-09-13,1.0,False
SES-001198,VIS-0130,2024-03-03,11.0,False
SES-002979,VIS-0320,2024-05-27,8.0,False
SES-000430,VIS-0048,2024-03-16,3.0,True
SES-001638,VIS-0179,2024-06-14,2.0,False
SES-001763,VIS-0192,2024-05-11,10.0,True
SES-003275,VIS-0351,2023-12-17,2.0,False
SES-000773,VIS-0085,2023-12-26,1.0,False
SES-003205,VIS-0344,2024-02-14,8.0,False
SES-000651,VIS-0073,2023-06-28,9.0,False
SES-000415,VIS-0047,2024-01-29,1.0,False
SES-003743,VIS-0402,2023-12-25,7.0,False
SES-002311,VIS-0254,2023-07-30,12.0,True
SES-002099,VIS-0229,2024-05-03,2.0,False
SES-002304,VIS-0253,2023-08-11,10.0,True
SES-003221,VIS-0346,2024-02-03,1.0,True
SES-003807,VIS-0409,2024-05-12,8.0,False
SES-002007,VIS-0219,2024-05-25,1.0,False
SES-002024,VIS-0221,2024-06-20,2.0,True
SES-000463,VIS-0053,2024-05-11,1.0,True
SES-000575,VIS-0064,2023-11-13,3.0,True
SES-000497,VIS-0057,2023-09-17,11.0,False
SES-000048,VIS-0005,2023-09-18,19.0,True
SES-001509,VIS-0165,2023-08-02,7.0,False
SES-000321,VIS-0037,2023-06-13,1.0,True
SES-001286,VIS-0140,2024-02-24,15.0,True
SES-000231,VIS-0026,2024-01-29,2.0,False
SES-001838,VIS-0199,2023-09-29,9.0,False
SES-002658,VIS-0288,2024-01-28,17.0,False
SES-001950,VIS-0213,2023-11-17,13.0,False
SES-000843,VIS-0093,2024-02-07,7.0,False
SES-002980,VIS-0320,2024-01-23,6.0,False
SES-001939,VIS-0211,2023-07-21,-26.118974783833814,False
SES-002404,VIS-0264,2023-11-12,13.0,False
SES-000053,VIS-0005,2024-06-16,14.0,False
SES-002364,VIS-0259,2024-02-29,1.0,False
SES-001527,VIS-0167,2023-10-31,1.0,False
SES-003474,VIS-0373,2024-02-21,10.0,False
SES-002811,VIS-0303,2024-06-08,7.0,False
SES-000383,VIS-0044,2024-02-11,12.0,False
SES-003165,VIS-0341,2023-11-25,8.0,False
SES-002957,VIS-0318,2024-03-22,7.0,True
SES-000085,VIS-0009,2024-06-24,3.0,False
SES-000866,VIS-0096,2023-08-22,12.0,False
SES-003462,VIS-0372,2023-06-04,10.0,False
SES-003712,VIS-0398,2024-02-20,16.0,False
SES-000334,VIS-0039,2024-01-19,7.0,False
SES-003471,VIS-0373,2023-08-13,13.0,True
SES-001523,VIS-0166,2023-08-05,1.0,False
SES-002344,VIS-0257,2024-06-23,6.0,True
SES-003706,VIS-0398,2023-09-21,10.0,True
SES-001970,VIS-0215,2024-06-28,10.0,False
SES-000451,VIS-0052,2023-06-06,1.0,False
SES-003958,VIS-0425,2024-04-26,16.0,False
SES-001021,VIS-0113,2023-07-15,9.0,False
SES-000284,VIS-0034,2023-08-18,1.0,False
SES-003715,VIS-0399,2023-06-28,6.0,False
SES-001696,VIS-0185,2023-09-17,1.0,False
SES-002567,VIS-0278,2024-03-30,19.0,True
SES-000909,VIS-0100,2024-06-04,3.0,False
SES-000020,VIS-0002,2023-12-27,5.0,True
SES-000027,VIS-0003,2023-10-11,3.0,False
SES-002555,VIS-0277,2023-11-05,17.0,True
SES-003718,VIS-0399,2023-12-20,4.0,False
SES-003594,VIS-0385,2024-03-09,6.0,False
SES-001942,VIS-0211,2023-07-15,4.0,False
SES-000748,VIS-0083,2024-04-12,14.0,False
SES-001885,VIS-0205,2023-11-27,12.0,False
SES-000163,VIS-0020,2023-07-10,4.0,False
SES-002206,VIS-0242,2023-12-31,2.0,False
SES-003799,VIS-0408,2024-01-12,6.0,False
SES-000781,VIS-0086,2024-02-11,10.0,False
SES-000044,VIS-0004,2024-06-06,7.0,False
SES-003330,VIS-0357,2023-11-13,1.0,False
SES-003114,VIS-0335,2024-01-20,7.0,False
SES-003608,VIS-0387,2023-06-04,3.0,False
SES-000091,VIS-0010,2024-02-15,13.0,False
SES-001547,VIS-0168,2023-12-22,1.0,False
SES-002197,VIS-0240,2024-03-08,30.32183692334432,False
SES-000238,VIS-0027,2023-08-03,9.0,False
SES-001897,VIS-0206,2024-06-03,6.0,False
SES-003601,VIS-0386,2024-04-20,2.0,True
SES-003797,VIS-0407,2023-12-28,14.0,False
SES-002413,VIS-0265,2024-03-30,3.0,True
SES-001611,VIS-0176,2023-11-19,7.0,False
SES-002200,VIS-0241,2024-03-23,9.0,True
SES-002023,VIS-0221,2023-10-11,1.0,False
SES-002704,VIS-0292,2023-07-25,10.0,False
SES-002883,VIS-0311,2024-03-04,4.0,False
SES-003310,VIS-0355,2024-06-15,3.0,False
SES-003633,VIS-0390,2024-05-23,6.0,False
SES-001664,VIS-0181,2023-06-21,1.0,False
SES-000718,VIS-0081,2024-04-04,1.0,True
SES-002295,VIS-0252,2024-03-03,8.0,False
SES-002846,VIS-0306,2023-10-05,11.0,False
SES-001119,VIS-0122,2024-01-13,13.0,False
SES-002018,VIS-0220,2023-10-06,4.0,False
SES-002972,VIS-0320,2024-06-04,7.0,True
SES-000628,VIS-0070,2023-10-01,2.0,True
SES-002210,VIS-0242,2024-01-04,2.0,True
SES-001790,VIS-0195,2023-06-29,16.0,False
SES-001295,VIS-0140,2024-02-01,14.0,True
SES-002155,VIS-0235,2024-01-05,10.0,False
SES-003546,VIS-0381,2023-09-12,12.0,False
SES-002121,VIS-0232,2024-02-08,5.0,False
SES-002390,VIS-0262,2023-12-31,7.0,False
SES-000437,VIS-0049,2024-02-12,8.0,False
SES-003910,VIS-0420,2023-12-11,7.0,True
SES-001930,VIS-0210,2023-12-19,17.0,False
SES-002455,VIS-0268,2024-02-15,7.0,False
SES-002838,VIS-0305,2023-09-19,8.0,False
SES-000991,VIS-0109,2023-07-28,5.0,False
SES-002611,VIS-0282,2024-01-30,10.0,False
SES-003729,VIS-0400,2024-02-23,7.0,False
SES-000436,VIS-0049,2024-06-09,8.0,True
SES-001836,VIS-0199,2024-01-07,10.0,False
SES-003288,VIS-0352,2023-09-14,10.0,False
SES-003140,VIS-0337,2023-07-05,3.0,True
SES-003532,VIS-0380,2024-02-12,11.0,False
SES-000989,VIS-0109,2024-05-21,8.0,False
SES-003157,VIS-0339,2024-06-23,4.0,True
SES-000088,VIS-0010,2024-05-01,17.0,False
SES-001747,VIS-0190,2024-01-16,11.0,False
SES-003650,VIS-0392,2024-05-19,13.0,True
SES-001479,VIS-0161,2023-09-01,4.0,False
SES-001571,VIS-0171,2024-01-25,2.0,False
SES-003607,VIS-0387,2024-01-30,9.0,False
SES-003783,VIS-0406,2024-03-15,5.0,False
SES-000915,VIS-0101,2023-12-26,17.0,True
SES-000195,VIS-0023,2023-08-08,19.0,False
SES-002040,VIS-0222,2024-03-07,5.0,False
SES-003460,VIS-0372,2023-12-30,3.0,False
SES-000340,VIS-0039,2023-12-21,10.0,False
SES-000119,VIS-0013,2023-09-06,6.0,True
SES-000616,VIS-0069,2024-01-16,9.0,False
SES-001477,VIS-0161,2024-03-20,1.0,False
SES-000395,VIS-0045,2023-11-01,4.0,False
SES-001329,VIS-0144,2024-03-16,1.0,False
SES-003841,VIS-0412,2024-03-28,1.0,True
SES-001644,VIS-0179,2023-11-08,9.0,False
SES-001517,VIS-0166,2023-07-05,1.0,False
SES-003509,VIS-0378,2024-03-07,1.0,True
SES-000035,VIS-0004,2023-07-08,9.0,False
SES-000754,VIS-0084,2023-07-22,16.0,True
SES-003047,VIS-0329,2023-08-19,9.0,False
SES-001688,VIS-0184,2024-06-12,8.0,False
SES-001678,VIS-0183,2024-03-26,11.0,False
SES-000806,VIS-0089,2023-08-14,9.0,True
SES-003981,VIS-0428,2024-01-16,2.0,False
SES-002421,VIS-0265,2023-11-24,4.0,False
SES-003082,VIS-0331,2023-08-11,6.0,False
SES-002244,VIS-0246,2023-08-08,1.0,False
SES-000467,VIS-0053,2023-12-22,1.0,False
SES-001312,VIS-0142,2023-12-22,11.0,False
SES-003344,VIS-0358,2024-05-19,18.0,False
SES-000419,VIS-0048,2023-09-20,4.0,False
SES-000595,VIS-0068,2024-05-19,12.0,True
SES-003511,VIS-0378,2023-06-16,1.0,True
SES-001214,VIS-0132,2024-03-08,7.0,False
SES-002904,VIS-0313,2024-03-11,1.0,True
SES-001177,VIS-0127,2024-04-24,16.0,False
SES-003903,VIS-0420,2024-03-15,10.0,False
SES-000190,VIS-0022,2023-12-29,9.0,False
SES-001483,VIS-0162,2024-03-16,12.0,True
SES-003257,VIS-0349,2023-10-18,1.0,False
SES-000070,VIS-0008,2024-02-12,11.0,False
SES-000211,VIS-0025,2023-12-12,5.0,True
SES-002861,VIS-0308,2023-09-16,8.0,False
SES-001266,VIS-0138,2023-06-26,3.0,True
SES-000453,VIS-0052,2023-08-12,3.0,False
SES-002975,VIS-0320,2023-06-10,7.0,False
SES-000885,VIS-0098,2024-03-20,3.0,False
SES-000791,VIS-0087,2023-06-29,3.0,False
SES-001499,VIS-0164,2023-11-21,2.0,True
SES-000671,VIS-0075,2024-01-16,10.0,False
SES-002248,VIS-0247,2023-11-26,3.0,False
SES-002818,VIS-0304,2023-07-12,1.0,False
SES-003329,VIS-0357,2024-04-01,1.0,False
SES-000101,VIS-0011,2024-03-01,1.0,True
SES-001948,VIS-0212,2024-03-19,9.0,False
SES-000979,VIS-0108,2024-04-30,10.0,False
SES-002284,VIS-0251,2024-05-11,3.0,True
SES-002509,VIS-0273,2024-05-25,13.0,False
SES-000242,VIS-0028,2024-03-05,7.0,True
SES-000613,VIS-0069,2024-01-01,12.0,False
SES-002743,VIS-0296,2023-09-16,10.0,False
SES-003342,VIS-0358,2023-11-11,19.0,False
SES-000449,VIS-0051,2023-12-23,3.0,False
SES-003899,VIS-0419,2023-10-17,17.0,True
SES-001618,VIS-0176,2024-03-19,6.0,False
SES-000609,VIS-0069,2023-08-11,12.0,False
SES-001825,VIS-0198,2023-10-04,1.0,True
SES-003864,VIS-0415,2024-03-20,26.433135518616552,False
SES-003965,VIS-0426,2023-11-05,1.0,False
SES-003252,VIS-0349,2023-07-25,2.0,False
SES-003724,VIS-0400,2023-12-02,6.0,True
SES-002454,VIS-0268,2024-06-23,1.0,False
SES-000069,VIS-0008,2023-08-09,11.0,False
SES-001078,VIS-0119,2023-12-20,1.0,False
SES-000859,VIS-0095,2024-06-13,14.0,False
SES-000186,VIS-0022,2023-08-15,7.0,False
SES-001101,VIS-0120,2024-05-11,13.0,False
SES-003893,VIS-0419,2023-09-05,16.0,False
SES-000215,VIS-0025,2024-05-02,3.0,True
SES-002045,VIS-0223,2023-08-10,9.0,False
SES-001709,VIS-0186,2024-01-27,9.0,True
SES-002527,VIS-0275,2024-01-25,3.0,False
SES-003541,VIS-0380,2023-10-16,7.0,False
SES-000558,VIS-0063,2024-05-12,4.0,False
SES-003548,VIS-0381,2024-02-05,10.0,False
SES-003377,VIS-0362,2024-03-25,1.0,False
SES-002470,VIS-0270,2024-05-11,16.0,True
SES-001695,VIS-0184,2024-04-25,11.0,True
SES-001268,VIS-0138,2023-09-21,1.0,False
SES-003158,VIS-0339,2024-01-12,3.0,False
SES-000411,VIS-0046,2023-08-01,19.0,False
SES-002021,VIS-0221,2023-09-29,1.0,True
SES-003347,VIS-0358,2023-10-17,16.0,True
SES-002285,VIS-0251,2024-04-05,7.0,False
SES-000714,VIS-0080,2023-11-03,8.0,True
SES-001807,VIS-0196,2024-06-23,4.0,True
SES-001371,VIS-0150,2023-06-29,5.0,False
SES-001152,VIS-0125,2024-02-05,7.0,False
SES-000352,VIS-0041,2023-07-01,8.0,True
SES-002417,VIS-0265,2023-09-27,9.0,False
SES-001851,VIS-0200,2024-04-28,15.0,True
SES-000448,VIS-0051,2023-09-08,8.0,False
SES-000733,VIS-0082,2024-03-09,8.0,False
SES-002186,VIS-0239,2023-09-03,6.0,False
SES-001362,VIS-0148,2023-08-11,11.0,False
SES-000386,VIS-0044,2024-04-12,12.0,False
SES-001900,VIS-0206,2024-06-04,7.0,True
SES-002255,VIS-0247,2023-10-13,3.0,False
SES-000858,VIS-0095,2023-11-29,12.0,True
SES-001971,VIS-0215,2023-07-17,9.0,True
SES-003483,VIS-0374,2024-02-11,10.0,False
SES-002968,VIS-0320,2024-01-23,4.0,False
SES-003109,VIS-0334,2023-06-03,4.0,True
SES-001622,VIS-0177,2024-03-28,1.0,False
SES-001306,VIS-0141,2024-03-14,1.0,False
SES-003581,VIS-0384,2023-09-14,17.0,True
SES-000787,VIS-0086,2023-11-18,11.0,False
SES-001337,VIS-0145,2024-01-09,20.0,False
SES-000476,VIS-0055,2023-06-10,6.0,False
SES-001924,VIS-0209,2024-01-14,8.0,False
SES-001540,VIS-0168,2023-09-21,6.0,False
SES-000144,VIS-0017,2024-06-03,10.0,True
SES-001773,VIS-0193,2023-06-21,12.0,True
SES-001157,VIS-0125,2023-10-02,10.0,True
SES-000087,VIS-0010,2023-12-22,14.0,False
SES-001044,VIS-0115,2024-02-10,10.0,True
SES-001508,VIS-0165,2024-06-09,6.0,True
SES-000335,VIS-0039,2024-04-01,7.0,False
SES-003232,VIS-0346,2023-07-20,1.0,False
SES-002708,VIS-0293,2024-04-30,2.0,False
SES-002327,VIS-0255,2024-06-27,3.0,False
SES-003636,VIS-0391,2024-05-08,10.0,False
SES-000498,VIS-0057,2024-04-23,7.0,True
SES-003492,VIS-0376,2024-01-12,7.0,True
SES-003733,VIS-0401,2023-09-05,15.0,False
SES-003964,VIS-0426,2023-10-22,1.0,True
SES-000798,VIS-0089,2023-08-03,9.0,True
SES-001402,VIS-0153,2023-06-02,10.0,False
SES-001866,VIS-0202,2023-10-13,7.0,True
SES-001110,VIS-0121,2024-01-30,1.0,True
SES-001630,VIS-0178,2024-06-10,15.0,False
SES-003021,VIS-0325,2023-07-17,4.0,False
SES-003826,VIS-0410,2023-11-28,10.0,True
SES-002356,VIS-0259,2024-03-01,1.0,False
SES-000736,VIS-0082,2023-09-21,6.0,True
SES-003722,VIS-0400,2024-04-08,5.0,False
SES-003850,VIS-0414,2024-01-15,1.0,False
SES-003734,VIS-0401,2024-01-29,17.0,True
SES-000901,VIS-0100,2023-08-03,1.0,True
SES-002739,VIS-0295,2024-05-24,21.0,False
SES-002127,VIS-0232,2024-05-27,3.0,False
SES-001258,VIS-0137,2024-03-17,14.0,False
SES-001079,VIS-0119,2023-07-10,1.0,True
SES-000102,VIS-0011,2024-06-26,1.0,False
SES-000076,VIS-0008,2024-02-26,6.0,False
SES-003077,VIS-0331,2024-01-30,10.0,True
SES-001755,VIS-0191,2024-02-06,6.0,False
SES-001365,VIS-0149,2023-11-23,12.0,True
SES-003919,VIS-0421,2023-12-25,11.0,True
SES-002017,VIS-0220,2023-12-19,8.0,True
SES-002802,VIS-0302,2024-03-29,6.0,True
SES-001754,VIS-0191,2024-03-09,11.0,True
SES-002938,VIS-0316,2023-12-12,10.0,True
SES-000594,VIS-0068,2023-11-28,14.0,False
SES-002543,VIS-0276,2024-01-05,9.0,False
SES-000329,VIS-0038,2024-06-17,3.0,False
SES-001994,VIS-0218,2024-04-21,12.0,False
SES-000743,VIS-0083,2023-07-09,14.0,False
SES-003410,VIS-0366,2024-06-16,6.0,False
SES-003153,VIS-0338,2024-05-01,16.0,False
SES-003731,VIS-0401,2024-04-16,12.0,False
SES-004007,VIS-0431,2024-03-17,14.0,True
SES-002700,VIS-0292,2024-03-05,10.0,False
SES-000307,VIS-0036,2024-02-24,8.0,False
SES-001862,VIS-0201,2023-07-27,7.0,False
SES-002309,VIS-0254,2024-06-03,12.0,False
SES-000949,VIS-0105,2023-08-20,1.0,False
SES-001054,VIS-0115,2023-06-27,10.0,True
SES-000319,VIS-0036,2023-10-12,-12.327057018514854,True
SES-002948,VIS-0318,2023-09-28,7.0,True
SES-003878,VIS-0417,2023-07-07,10.0,False
SES-001459,VIS-0159,2024-05-23,14.0,True
SES-001235,VIS-0134,2023-07-08,20.0,False
SES-001771,VIS-0193,2024-06-11,8.0,True
SES-002165,VIS-0236,2024-02-08,6.0,False
SES-001820,VIS-0197,2023-08-28,7.0,False
SES-001645,VIS-0179,2024-04-26,7.0,False
SES-000479,VIS-0055,2023-09-14,1.0,False
SES-003585,VIS-0385,2023-09-17,1.0,True
SES-000605,VIS-0069,2024-02-21,10.0,False
SES-000802,VIS-0089,2023-06-06,10.0,False
SES-002780,VIS-0301,2023-12-05,1.0,False
SES-003789,VIS-0407,2023-06-20,15.0,True
SES-001282,VIS-0139,2024-04-24,2.0,False
SES-001626,VIS-0177,2024-06-11,1.0,False
SES-002627,VIS-0285,2024-03-23,3.0,False
SES-003163,VIS-0340,2024-02-01,13.0,True
SES-003087,VIS-0332,2024-06-11,1.0,False
SES-002843,VIS-0306,2024-03-03,13.0,False
SES-002083,VIS-0227,2023-11-22,10.0,False
SES-002041,VIS-0222,2023-09-30,8.0,True
SES-001165,VIS-0126,2023-07-31,17.0,True
SES-002408,VIS-0264,2024-06-08,12.0,False
SES-002071,VIS-0225,2023-08-18,5.0,False
SES-003699,VIS-0397,2023-09-10,12.0,False
SES-003102,VIS-0334,2024-02-26,14.0,False
SES-002561,VIS-0278,2024-05-07,18.0,False
SES-003761,VIS-0403,2023-11-02,6.0,False
SES-003847,VIS-0413,2024-01-03,1.0,False
SES-000800,VIS-0089,2024-06-01,-8.302885315246975,False
SES-003943,VIS-0424,2023-08-09,1.0,True
SES-003430,VIS-0368,2023-07-09,1.0,False
SES-001460,VIS-0159,2023-11-04,1.0,True
SES-000560,VIS-0063,2023-10-29,5.0,False
SES-001067,VIS-0117,2023-06-29,1.0,False
SES-003845,VIS-0413,2024-04-29,1.0,False
SES-000550,VIS-0062,2024-05-19,12.0,False
SES-001775,VIS-0194,2024-04-03,7.0,False
SES-002615,VIS-0283,2023-10-06,1.0,False
SES-002536,VIS-0276,2023-08-07,1.0,False
SES-003035,VIS-0326,2023-07-09,20.0,True
SES-001426,VIS-0156,2024-02-05,-19.887327255774675,False
SES-000140,VIS-0016,2023-08-13,8.0,False
SES-000525,VIS-0060,2024-05-22,1.0,False
SES-000759,VIS-0084,2023-09-11,22.0,False
SES-003670,VIS-0394,2024-02-05,6.0,True
SES-003017,VIS-0325,2024-06-26,4.0,True
SES-002716,VIS-0294,2023-12-18,11.0,False
SES-000378,VIS-0044,2023-08-28,11.0,False
SES-003016,VIS-0325,2024-03-09,4.0,False
SES-001197,VIS-0130,2024-03-29,13.0,False
SES-002110,VIS-0230,2023-10-02,1.0,False
SES-002944,VIS-0317,2024-01-18,9.0,False
SES-002622,VIS-0283,2023-09-20,1.0,True
SES-000263,VIS-0031,2023-08-10,4.0,False
SES-002000,VIS-0218,2024-02-11,11.0,True
SES-001022,VIS-0113,2024-04-20,10.0,False
SES-000287,VIS-0034,2024-06-12,1.0,True
SES-001445,VIS-0158,2023-07-02,16.0,False
SES-001113,VIS-0121,2024-03-12,1.0,False
SES-002736,VIS-0295,2024-05-17,15.0,False
SES-001951,VIS-0213,2024-05-29,11.0,False
SES-002568,VIS-0278,2023-09-25,18.0,False
SES-000996,VIS-0109,2024-03-25,3.0,False
SES-002092,VIS-0228,2024-02-08,15.0,True
SES-000244,VIS-0028,2023-08-03,4.0,False
SES-001978,VIS-0216,2023-08-06,5.0,False
SES-002990,VIS-0321,2023-09-16,10.0,True
SES-003197,VIS-0344,2023-12-02,11.0,True
SES-003949,VIS-0424,2023-11-06,1.0,False
SES-002612,VIS-0282,2023-09-20,5.0,False
SES-003885,VIS-0418,2023-07-20,8.0,True
SES-003941,VIS-0424,2024-05-18,1.0,True
SES-003804,VIS-0409,2024-01-04,11.0,False
SES-003130,VIS-0336,2024-03-14,3.0,True
SES-001679,VIS-0183,2024-03-03,11.0,True
SES-002665,VIS-0289,2024-01-16,18.0,False
SES-001600,VIS-0175,2024-06-24,3.0,False
SES-001676,VIS-0183,2024-03-19,15.0,True
SES-003194,VIS-0343,2024-03-31,10.0,False
SES-001206,VIS-0131,2023-11-09,1.0,True
SES-001573,VIS-0172,2024-02-16,2.0,False
SES-001878,VIS-0203,2023-07-13,17.0,False
SES-000566,VIS-0064,2023-11-21,7.0,False
SES-003921,VIS-0422,2023-09-13,12.0,True
SES-001172,VIS-0127,2023-10-12,10.0,False
SES-003572,VIS-0383,2023-11-25,6.0,False
SES-003397,VIS-0364,2023-07-30,12.0,False
SES-001096,VIS-0120,2023-07-24,11.0,False
SES-000019,VIS-0002,2023-09-15,3.0,False
SES-000938,VIS-0104,2023-12-29,11.0,False
SES-001462,VIS-0160,2024-03-07,1.0,False
SES-003175,VIS-0341,2024-06-17,8.0,False
SES-002718,VIS-0294,2023-11-03,8.0,False
SES-002737,VIS-0295,2024-05-27,19.0,False
SES-003503,VIS-0377,2023-10-18,7.0,False
SES-003858,VIS-0415,2024-02-17,12.0,False
SES-001122,VIS-0122,2023-08-09,16.0,True
SES-000003,VIS-0001,2023-10-03,12.0,False
SES-002898,VIS-0312,2024-06-03,22.0,True
SES-001713,VIS-0187,2024-04-11,3.0,False
SES-001548,VIS-0169,2023-09-08,10.0,False
SES-002519,VIS-0275,2023-08-23,1.0,False
SES-000770,VIS-0085,2023-08-06,1.0,True
SES-001680,VIS-0183,2024-04-08,18.0,False
SES-002572,VIS-0279,2023-07-20,12.0,False
SES-003141,VIS-0337,2023-09-08,2.0,False
SES-000837,VIS-0093,2023-11-27,1.0,False
SES-003262,VIS-0350,2024-01-31,10.0,False
SES-003563,VIS-0382,2024-05-18,9.0,False
SES-003842,VIS-0412,2023-10-21,1.0,False
SES-002840,VIS-0305,2024-01-14,10.0,False
SES-003079,VIS-0331,2023-12-30,9.0,False
SES-002686,VIS-0291,2023-08-03,4.0,True
SES-000464,VIS-0053,2024-03-07,2.0,False
SES-000105,VIS-0011,2023-07-28,1.0,False
SES-003638,VIS-0391,2023-12-25,8.0,True
SES-000266,VIS-0031,2024-06-22,5.0,True
SES-003203,VIS-0344,2023-12-29,13.0,False
SES-003050,VIS-0329,2023-09-19,6.0,False
SES-002293,VIS-0252,2024-02-25,14.0,False
SES-003316,VIS-0356,2024-04-28,5.0,True
SES-001326,VIS-0143,2023-06-06,9.0,True
SES-002494,VIS-0272,2024-01-22,9.0,True
SES-003716,VIS-0399,2024-04-16,5.0,True
SES-003822,VIS-0410,2024-06-11,15.0,True
SES-002464,VIS-0269,2023-09-20,13.0,True
SES-000737,VIS-0082,2024-05-27,-19.269994332603854,False
SES-002538,VIS-0276,2023-08-31,4.0,False
SES-001187,VIS-0128,2024-05-12,14.0,True
SES-002625,VIS-0284,2023-06-21,8.0,True
SES-000316,VIS-0036,2024-03-24,4.0,False
SES-000459,VIS-0052,2023-09-03,6.0,False
SES-000950,VIS-0105,2023-08-04,1.0,False
SES-002204,VIS-0241,2023-07-26,5.0,False
SES-004024,VIS-0434,2024-06-13,12.0,False
SES-000995,VIS-0109,2024-01-03,8.0,True
SES-000727,VIS-0082,2024-03-28,3.0,False
SES-001916,VIS-0209,2024-04-25,3.0,True
SES-001156,VIS-0125,2023-09-01,7.0,False
SES-002312,VIS-0254,2024-03-23,7.0,False
SES-004047,VIS-0437,2024-02-27,10.0,False
SES-000799,VIS-0089,2023-12-31,6.0,False
SES-002724,VIS-0294,2024-05-24,4.0,False
SES-001285,VIS-0140,2024-05-17,14.0,True
SES-000582,VIS-0065,2023-08-30,1.0,False
SES-001182,VIS-0127,2023-07-24,13.0,False
SES-003586,VIS-0385,2023-10-21,6.0,False
SES-003056,VIS-0329,2024-02-09,2.0,False
SES-002202,VIS-0241,2023-12-07,8.0,False
SES-003754,VIS-0402,2023-07-29,6.0,False
SES-001729,VIS-0189,2024-04-02,14.0,True
SES-002926,VIS-0315,2023-10-29,7.0,False
SES-002617,VIS-0283,2023-08-25,2.0,True
SES-000520,VIS-0059,2023-06-30,14.0,False
SES-000083,VIS-0009,2023-06-28,7.0,False
SES-002426,VIS-0266,2023-11-17,9.0,True
SES-000641,VIS-0071,2023-08-07,9.0,False
SES-003176,VIS-0341,2023-06-02,10.0,False
SES-002503,VIS-0273,2023-11-09,17.0,False
SES-000009,VIS-0001,2024-06-06,12.0,True
SES-000257,VIS-0030,2023-07-03,14.0,True
SES-000551,VIS-0062,2024-06-22,12.0,True
SES-003875,VIS-0417,2024-05-08,11.0,False
SES-003944,VIS-0424,2024-05-25,1.0,False
SES-000863,VIS-0095,2023-07-22,11.0,False
SES-000905,VIS-0100,2024-01-12,6.0,False
SES-001964,VIS-0214,2024-02-08,3.0,True
SES-004010,VIS-0431,2024-06-04,15.0,False
SES-003571,VIS-0383,2023-10-20,8.0,False
SES-001007,VIS-0111,2023-06-06,10.0,False
SES-003755,VIS-0402,2023-10-06,11.0,False
SES-001112,VIS-0121,2023-09-25,2.0,True
SES-001437,VIS-0156,2024-06-18,9.0,False
SES-001490,VIS-0163,2023-12-01,1.0,False
SES-001629,VIS-0177,2023-06-02,1.0,False
SES-002444,VIS-0268,2023-07-22,1.0,False
SES-000268,VIS-0031,2023-09-17,9.0,False
SES-000221,VIS-0026,2023-09-13,2.0,False
SES-003258,VIS-0349,2024-01-04,1.0,False
SES-002213,VIS-0242,2024-02-21,4.0,False
SES-001721,VIS-0188,2023-11-27,5.0,False
SES-003286,VIS-0352,2023-09-11,9.0,True
SES-003186,VIS-0343,2023-06-28,9.0,True
SES-003557,VIS-0381,2024-04-11,8.0,False
SES-002102,VIS-0229,2024-01-05,1.0,True
SES-003240,VIS-0347,2023-10-24,16.0,True
SES-001233,VIS-0134,2024-02-08,39.623869161033895,True
SES-002286,VIS-0251,2023-08-24,6.0,False
SES-003547,VIS-0381,2023-09-15,13.0,False
SES-002033,VIS-0222,2023-08-17,10.0,False
SES-003589,VIS-0385,2024-06-07,5.0,True
SES-003801,VIS-0408,2024-06-21,4.0,False
SES-000191,VIS-0022,2023-11-16,7.0,False
SES-000262,VIS-0031,2023-11-20,1.0,False
SES-003639,VIS-0391,2024-01-08,8.0,True
SES-002751,VIS-0297,2024-06-24,3.0,True
SES-002792,VIS-0302,2024-04-10,2.0,False
SES-002890,VIS-0312,2024-02-25,21.0,False
SES-002907,VIS-0313,2023-11-08,1.0,True
SES-003422,VIS-0368,2024-04-28,1.0,True
SES-003762,VIS-0403,2024-05-04,11.0,False
SES-001380,VIS-0151,2023-07-23,1.0,False
SES-000834,VIS-0092,2023-11-14,13.0,True
SES-003730,VIS-0400,2023-10-15,4.0,False
SES-000117,VIS-0013,2023-08-30,9.0,False
SES-002229,VIS-0245,2023-07-30,1.0,True
SES-000897,VIS-0099,2023-10-10,3.0,True
SES-001987,VIS-0217,2024-02-19,1.0,False
SES-000410,VIS-0046,2023-10-05,21.0,False
SES-001831,VIS-0198,2023-09-22,6.0,False
SES-002702,VIS-0292,2024-06-14,13.0,True
SES-000075,VIS-0008,2024-01-05,7.0,True
SES-002506,VIS-0273,2023-08-08,16.0,False
SES-001494,VIS-0163,2023-08-22,1.0,False
SES-000094,VIS-0010,2023-10-19,13.0,False
SES-001598,VIS-0174,2023-11-25,1.0,True
SES-000756,VIS-0084,2024-06-04,18.0,False
SES-001507,VIS-0164,2024-01-30,4.0,False
SES-000015,VIS-0002,2023-10-23,3.0,False
SES-000028,VIS-0003,2023-06-30,5.0,True
SES-001651,VIS-0180,2024-02-10,6.0,False
SES-001560,VIS-0170,2023-12-17,4.0,False
SES-000471,VIS-0054,2023-06-30,4.0,False
SES-000667,VIS-0075,2024-03-11,10.0,False
SES-002624,VIS-0284,2024-03-18,3.0,False
SES-002443,VIS-0268,2023-12-25,8.0,False
SES-001071,VIS-0117,2023-11-14,6.0,False
SES-000549,VIS-0062,2023-09-14,14.0,False
SES-001550,VIS-0169,2023-08-08,10.0,False
SES-003836,VIS-0412,2023-10-07,1.0,True
SES-000630,VIS-0070,2024-06-26,2.0,False
SES-003652,VIS-0392,2023-07-20,9.0,True
SES-002076,VIS-0226,2023-10-18,8.0,True
SES-002855,VIS-0307,2024-05-07,6.0,False
SES-003154,VIS-0338,2023-10-12,14.0,False
SES-003494,VIS-0376,2024-06-24,10.0,True
SES-002915,VIS-0314,2023-11-21,18.0,False
SES-003932,VIS-0423,2024-01-06,11.0,True
SES-000620,VIS-0070,2024-04-25,1.0,True
SES-001192,VIS-0129,2023-12-05,5.0,False
SES-001047,VIS-0115,2024-05-29,11.0,False
SES-002319,VIS-0254,2024-03-21,9.0,False
SES-002479,VIS-0270,2024-06-21,15.0,False
SES-000207,VIS-0024,2023-11-25,4.0,False
SES-001776,VIS-0194,2024-03-07,10.0,False
SES-001265,VIS-0138,2024-03-25,6.0,False
SES-004039,VIS-0436,2023-11-15,7.0,False
SES-002082,VIS-0227,2023-10-08,12.0,True
SES-001726,VIS-0188,2023-10-13,1.0,True
SES-000838,VIS-0093,2023-10-16,5.0,False
SES-003272,VIS-0351,2024-03-06,2.0,False
SES-001982,VIS-0217,2023-12-10,6.0,True
SES-003644,VIS-0391,2024-06-03,9.0,True
SES-004025,VIS-0434,2024-03-06,6.0,False
SES-001894,VIS-0206,2023-09-10,10.0,False
SES-003560,VIS-0382,2023-10-12,13.0,False
SES-000981,VIS-0108,2023-07-29,7.0,True
SES-003320,VIS-0356,2024-05-17,8.0,False
SES-000121,VIS-0013,2023-11-06,11.0,True
SES-003977,VIS-0427,2024-04-02,14.0,True
SES-001429,VIS-0156,2024-02-13,5.0,False
SES-000361,VIS-0042,2023-07-02,1.0,False
SES-001877,VIS-0203,2023-10-13,14.0,False
SES-000983,VIS-0108,2024-06-08,-14.559968109416719,False
SES-000133,VIS-0014,2024-05-09,14.0,False
SES-003235,VIS-0347,2023-06-10,11.0,False
SES-002168,VIS-0236,2023-09-10,8.0,True
SES-001090,VIS-0120,2023-08-21,14.0,False
SES-003199,VIS-0344,2023-09-05,16.0,True
SES-001813,VIS-0197,2023-08-09,8.0,True
SES-003578,VIS-0383,2023-07-29,3.0,False
SES-003338,VIS-0357,2023-11-08,6.0,False
SES-000976,VIS-0107,2024-03-10,10.0,True
SES-002517,VIS-0274,2023-12-08,4.0,True
SES-000367,VIS-0042,2024-06-14,1.0,False
SES-000089,VIS-0010,2023-11-01,15.0,False
SES-000531,VIS-0060,2023-06-03,1.0,False
SES-002246,VIS-0247,2024-02-04,6.0,False
SES-000814,VIS-0090,2024-05-07,1.0,False
SES-000157,VIS-0019,2023-08-05,10.0,False
SES-003615,VIS-0388,2024-06-14,1.0,False
SES-003092,VIS-0332,2024-04-17,1.0,False
SES-003583,VIS-0384,2023-08-26,9.0,True
SES-003007,VIS-0323,2023-06-08,2.0,True
SES-001392,VIS-0152,2023-07-07,9.0,False
SES-002160,VIS-0236,2024-05-29,7.0,False
SES-001888,VIS-0205,2023-11-15,12.0,False
SES-003411,VIS-0366,2023-12-24,7.0,False
SES-003414,VIS-0366,2023-08-14,5.0,False
SES-002955,VIS-0318,2024-01-08,5.0,False
SES-003459,VIS-0371,2023-09-20,15.0,True
SES-003373,VIS-0361,2024-03-13,1.0,False
SES-002636,VIS-0286,2023-07-31,13.0,False
SES-002823,VIS-0304,2023-06-26,2.0,True
SES-000853,VIS-0094,2023-09-10,1.0,False
SES-002608,VIS-0282,2024-05-17,6.0,False
SES-000652,VIS-0073,2023-07-28,8.0,False
SES-003632,VIS-0390,2024-02-22,5.0,False
SES-000728,VIS-0082,2024-06-21,5.0,False
SES-003181,VIS-0342,2023-07-08,12.0,True
SES-003088,VIS-0332,2023-10-06,1.0,False
SES-000760,VIS-0084,2024-02-15,17.0,False
SES-002641,VIS-0286,2023-10-25,15.0,False
SES-000412,VIS-0047,2024-03-08,7.0,True
SES-003224,VIS-0346,2023-06-10,1.0,False
SES-001828,VIS-0198,2023-07-04,2.0,False
SES-000175,VIS-0021,2023-10-28,2.0,False
SES-000423,VIS-0048,2024-03-01,6.0,False
SES-003748,VIS-0402,2023-07-09,6.0,False
SES-003920,VIS-0422,2024-01-11,10.0,False
SES-003149,VIS-0338,2024-02-25,18.0,False
SES-002341,VIS-0256,2023-06-03,8.0,False
SES-001102,VIS-0121,2023-12-24,1.0,False
SES-000528,VIS-0060,2023-09-10,1.0,False
SES-001060,VIS-0116,2024-01-17,10.0,True
SES-000080,VIS-0008,2024-06-13,6.0,False
SES-000813,VIS-0090,2023-07-13,5.0,False
SES-003409,VIS-0365,2024-02-26,8.0,True
SES-002879,VIS-0310,2023-10-25,14.0,True
SES-001607,VIS-0175,2023-11-19,6.0,False
SES-002452,VIS-0268,2023-10-17,6.0,False
SES-000443,VIS-0050,2023-08-18,3.0,False
SES-002185,VIS-0238,2024-02-15,15.0,True
SES-001230,VIS-0134,2023-11-12,15.0,False
SES-000201,VIS-0024,2023-07-01,1.0,False
SES-001088,VIS-0119,2024-03-11,2.0,False
SES-000602,VIS-0068,2024-02-04,14.0,True
SES-003678,VIS-0395,2023-07-12,7.0,True
SES-001232,VIS-0134,2024-06-06,17.0,False
SES-003975,VIS-0427,2023-09-12,11.0,True
SES-000269,VIS-0032,2024-06-23,12.0,False
SES-001716,VIS-0188,2024-05-04,2.0,False
SES-002878,VIS-0310,2023-09-14,12.0,False
SES-001996,VIS-0218,2024-03-16,13.0,True
SES-000317,VIS-0036,2023-11-25,2.0,False
SES-000962,VIS-0106,2023-10-07,10.0,False
SES-001014,VIS-0112,2024-03-19,3.0,False
SES-001663,VIS-0181,2023-12-25,1.0,False
SES-003148,VIS-0338,2024-02-27,17.0,False
SES-000004,VIS-0001,2023-07-22,12.0,False
SES-000206,VIS-0024,2024-01-10,3.0,False
SES-002730,VIS-0295,2023-06-12,19.0,True
SES-002551,VIS-0277,2024-05-11,10.0,False
SES-003745,VIS-0402,2023-11-14,7.0,False
SES-000396,VIS-0045,2023-12-24,5.0,True
SES-001000,VIS-0110,2024-02-25,14.0,True
SES-001873,VIS-0203,2023-12-27,14.0,True
SES-002498,VIS-0272,2024-03-26,8.0,False
SES-002889,VIS-0312,2023-08-07,23.0,True
SES-000734,VIS-0082,2024-05-08,9.0,False
SES-000850,VIS-0094,2023-10-31,3.0,False
SES-004016,VIS-0432,2024-01-12,1.0,False
SES-001979,VIS-0216,2023-09-13,1.0,True
SES-003169,VIS-0341,2024-04-11,13.0,False
SES-001393,VIS-0152,2024-01-16,10.0,True
SES-003138,VIS-0337,2024-05-09,9.0,True
SES-003682,VIS-0395,2023-09-23,10.0,True
SES-003500,VIS-0377,2024-05-09,3.0,False
SES-001317,VIS-0143,2023-09-06,6.0,False
SES-000670,VIS-0075,2023-09-08,12.0,False
SES-002667,VIS-0289,2023-12-27,25.0,False
SES-000951,VIS-0105,2024-04-29,1.0,False
SES-000184,VIS-0022,2023-07-12,6.0,False
SES-003108,VIS-0334,2023-10-23,10.0,False
SES-003744,VIS-0402,2023-09-05,6.0,False
SES-000485,VIS-0055,2023-10-05,3.0,False
SES-000717,VIS-0080,2024-03-22,5.0,False
SES-001287,VIS-0140,2023-06-02,12.0,False
SES-001472,VIS-0161,2024-01-09,1.0,True
SES-003177,VIS-0341,2024-03-24,9.0,False
SES-002371,VIS-0260,2023-07-30,3.0,False
SES-000862,VIS-0095,2024-06-22,13.0,True
SES-003956,VIS-0425,2024-01-08,9.0,False
SES-001784,VIS-0195,2024-03-11,13.0,False
SES-002902,VIS-0313,2024-05-18,1.0,False
SES-000974,VIS-0107,2024-02-23,12.0,True
SES-000370,VIS-0043,2023-08-12,16.0,False
SES-001606,VIS-0175,2024-04-22,1.0,False
SES-000622,VIS-0070,2024-02-27,6.0,False
SES-003144,VIS-0337,2023-06-10,5.0,False
SES-000250,VIS-0029,2023-10-04,1.0,False
SES-003425,VIS-0368,2023-06-09,1.0,True
SES-002860,VIS-0308,2024-01-12,9.0,True
SES-000912,VIS-0101,2023-06-12,17.0,False
SES-002755,VIS-0298,2024-01-24,1.0,False
SES-000470,VIS-0054,2024-01-03,1.0,False
SES-004026,VIS-0434,2024-06-15,7.0,True
SES-002933,VIS-0315,2024-06-26,7.0,False
SES-002997,VIS-0322,2023-06-30,12.0,True
SES-003365,VIS-0360,2024-05-09,13.0,False
SES-003681,VIS-0395,2024-05-21,7.0,False
SES-002643,VIS-0286,2023-11-03,16.0,True
SES-001515,VIS-0166,2024-06-25,1.0,False
SES-001997,VIS-0218,2024-01-24,11.0,False
SES-003689,VIS-0396,2024-06-25,1.0,True
SES-001030,VIS-0113,2023-10-28,8.0,False
SES-000729,VIS-0082,2024-01-22,9.0,True
SES-002058,VIS-0224,2024-06-22,1.0,True
SES-002749,VIS-0297,2023-12-06,1.0,False
SES-001108,VIS-0121,2024-01-15,1.0,False
SES-004027,VIS-0434,2024-03-25,5.0,True
SES-003072,VIS-0331,2024-02-21,8.0,True
SES-003795,VIS-0407,2023-10-06,14.0,False
SES-000401,VIS-0045,2023-09-27,6.0,True
SES-003840,VIS-0412,2024-01-31,1.0,True
SES-002676,VIS-0290,2024-05-31,11.0,False
SES-003970,VIS-0427,2023-12-24,14.0,False
SES-001538,VIS-0168,2023-12-09,3.0,False
SES-002469,VIS-0269,2024-01-27,13.0,True
SES-003967,VIS-0427,2023-12-02,13.0,True
SES-001057,VIS-0116,2023-09-11,6.0,False
SES-000887,VIS-0098,2024-03-24,2.0,False
SES-000171,VIS-0020,2024-04-27,3.0,False
SES-003171,VIS-0341,2023-12-07,11.0,False
SES-002925,VIS-0315,2023-12-17,8.0,False
SES-003387,VIS-0363,2024-06-28,6.0,False
SES-000709,VIS-0079,2023-07-04,2.0,True
SES-001473,VIS-0161,2023-12-16,4.0,False
SES-000686,VIS-0077,2023-11-17,11.0,False
SES-000738,VIS-0082,2023-08-08,2.0,False
SES-002775,VIS-0300,2023-08-09,13.0,True
SES-000490,VIS-0056,2023-07-31,8.0,False
SES-001066,VIS-0117,2024-05-25,3.0,False
SES-001829,VIS-0198,2024-06-27,1.0,False
SES-003405,VIS-0365,2024-05-26,12.0,True
SES-000305,VIS-0035,2023-07-08,7.0,False
SES-000522,VIS-0060,2024-02-10,2.0,False
SES-000303,VIS-0035,2023-11-28,4.0,True
SES-000704,VIS-0079,2024-04-26,1.0,False
SES-000212,VIS-0025,2023-09-22,11.0,False
SES-001985,VIS-0217,2023-06-21,1.0,False
SES-001993,VIS-0217,2024-03-30,4.0,True
SES-003803,VIS-0408,2023-06-17,14.0,False
SES-001965,VIS-0214,2024-02-04,7.0,True
SES-003926,VIS-0422,2024-06-27,-6.314363621645157,True
SES-000277,VIS-0033,2023-08-01,6.0,False
SES-002746,VIS-0296,2024-06-15,10.0,False
SES-002623,VIS-0284,2024-05-18,4.0,False
SES-003303,VIS-0354,2024-06-20,8.0,True
SES-002525,VIS-0275,2023-11-24,9.0,False
SES-000063,VIS-0007,2023-11-06,2.0,True
SES-002174,VIS-0237,2023-07-03,3.0,False
SES-002605,VIS-0282,2024-02-13,8.0,True
SES-002435,VIS-0267,2023-07-18,1.0,False
SES-002634,VIS-0285,2024-03-16,3.0,False
SES-003701,VIS-0397,2023-12-18,11.0,False
SES-003242,VIS-0348,2023-10-26,1.0,False
SES-001489,VIS-0163,2023-10-21,3.0,False
SES-003746,VIS-0402,2024-05-19,6.0,False
SES-001325,VIS-0143,2023-10-25,11.0,False
SES-003946,VIS-0424,2023-10-10,1.0,False
SES-000508,VIS-0057,2024-03-10,7.0,True
SES-003271,VIS-0350,2023-12-31,4.0,False
SES-000055,VIS-0005,2023-07-09,14.0,False
SES-002008,VIS-0219,2024-05-30,4.0,True
SES-001520,VIS-0166,2023-07-21,1.0,False
SES-003895,VIS-0419,2024-02-08,14.0,True
SES-001703,VIS-0185,2023-08-19,1.0,True
SES-003234,VIS-0347,2023-09-25,15.0,False
SES-002243,VIS-0246,2023-07-14,3.0,True
SES-001605,VIS-0175,2024-03-17,7.0,False
SES-000185,VIS-0022,2023-08-29,3.0,False
SES-003495,VIS-0376,2023-07-28,9.0,False
SES-001143,VIS-0124,2023-12-20,1.0,False
SES-001856,VIS-0201,2024-03-04,6.0,False
SES-003105,VIS-0334,2024-05-29,12.0,False
SES-003628,VIS-0390,2023-06-10,10.0,False
SES-001439,VIS-0156,2023-08-02,3.0,False
SES-002691,VIS-0291,2024-06-28,3.0,False
SES-002481,VIS-0270,2023-08-28,16.0,False
SES-000204,VIS-0024,2024-05-20,8.0,False
SES-001579,VIS-0172,2024-05-12,1.0,False
SES-001368,VIS-0149,2023-06-03,9.0,False
SES-001061,VIS-0116,2024-03-15,7.0,True
SES-002451,VIS-0268,2024-06-03,6.0,True
SES-001464,VIS-0160,2023-12-25,1.0,True
SES-002892,VIS-0312,2024-02-03,24.0,False
SES-003380,VIS-0362,2024-02-11,4.0,False
SES-000013,VIS-0002,2024-01-28,6.0,False
SES-000033,VIS-0004,2024-04-07,12.0,False
SES-001036,VIS-0114,2023-07-28,12.0,False
SES-004020,VIS-0433,2024-04-14,12.0,False
SES-000299,VIS-0035,2023-09-14,1.0,False
SES-003928,VIS-0422,2023-06-02,8.0,True
SES-002343,VIS-0256,2023-10-30,9.0,False
SES-002721,VIS-0294,2023-07-19,7.0,False
SES-001765,VIS-0193,2024-03-15,10.0,True
SES-001134,VIS-0123,2023-07-27,13.0,False
SES-000382,VIS-0044,2024-01-08,13.0,False
SES-001722,VIS-0188,2023-12-03,5.0,False
SES-003925,VIS-0422,2024-04-02,10.0,False
SES-002917,VIS-0314,2023-11-07,18.0,True
SES-002433,VIS-0267,2024-04-01,1.0,False
SES-001738,VIS-0190,2023-08-12,12.0,False
SES-002475,VIS-0270,2024-03-30,12.0,True
SES-002487,VIS-0271,2024-01-13,14.0,False
SES-000959,VIS-0106,2024-03-10,6.0,True
SES-000844,VIS-0093,2024-05-15,4.0,True
SES-002238,VIS-0245,2023-06-12,4.0,True
SES-003204,VIS-0344,2024-03-13,7.0,True
SES-002512,VIS-0273,2023-12-10,12.0,True
SES-003545,VIS-0381,2024-06-18,8.0,False
SES-001585,VIS-0173,2023-11-29,7.0,True
SES-002584,VIS-0280,2023-09-14,17.0,False
SES-001581,VIS-0172,2023-10-27,1.0,False
SES-002086,VIS-0228,2023-09-22,13.0,False
SES-001276,VIS-0139,2024-02-15,1.0,True
SES-002471,VIS-0270,2024-03-04,13.0,False
SES-003110,VIS-0334,2024-05-26,9.0,False
SES-000218,VIS-0025,2024-05-25,7.0,True
SES-002934,VIS-0315,2023-09-10,7.0,False
SES-003512,VIS-0378,2023-12-04,1.0,True
SES-004035,VIS-0435,2024-03-02,12.0,True
SES-000545,VIS-0061,2023-10-20,11.0,True
SES-003659,VIS-0393,2024-03-19,9.0,True
SES-002278,VIS-0250,2023-09-17,-22.07447081829746,False
SES-003168,VIS-0341,2024-03-12,13.0,True
SES-001396,VIS-0153,2024-05-23,10.0,False
SES-001822,VIS-0197,2024-02-09,6.0,True
SES-001701,VIS-0185,2023-09-13,1.0,False
SES-001934,VIS-0211,2023-11-05,6.0,False
SES-003196,VIS-0344,2024-01-30,11.0,True
SES-003268,VIS-0350,2024-04-08,8.0,True
SES-001092,VIS-0120,2024-06-08,13.0,False
SES-001510,VIS-0165,2024-01-30,5.0,False
SES-001809,VIS-0197,2023-10-20,6.0,True
SES-002070,VIS-0225,2024-03-16,5.0,True
SES-000701,VIS-0079,2024-02-28,1.0,False
SES-000563,VIS-0063,2024-02-27,9.0,True
SES-001121,VIS-0122,2023-06-25,14.0,True
SES-002798,VIS-0302,2024-01-06,1.0,False
SES-001003,VIS-0110,2024-06-14,13.0,False
SES-001243,VIS-0135,2024-03-18,4.0,False
SES-001257,VIS-0136,2024-03-16,11.0,False
SES-000604,VIS-0068,2024-01-02,15.0,False
SES-000017,VIS-0002,2023-07-28,6.0,False
SES-002977,VIS-0320,2024-03-20,14.0,True
SES-001995,VIS-0218,2023-09-15,10.0,False
SES-003467,VIS-0372,2024-06-20,3.0,False
SES-003592,VIS-0385,2023-07-09,2.0,True
SES-002447,VIS-0268,2024-04-01,2.0,False
SES-000001,VIS-0001,2024-02-04,15.0,False
SES-002449,VIS-0268,2024-01-12,6.0,False
SES-001908,VIS-0207,2024-02-18,8.0,True
SES-002151,VIS-0235,2024-02-13,8.0,False
SES-001331,VIS-0144,2024-04-13,8.0,False
SES-001013,VIS-0112,2023-06-06,1.0,False
SES-003239,VIS-0347,2024-03-24,13.0,False
SES-001931,VIS-0210,2024-02-29,19.0,False
SES-003997,VIS-0430,2023-07-14,2.0,False
SES-002414,VIS-0265,2024-06-04,5.0,False
SES-004028,VIS-0435,2024-03-17,12.0,False
SES-002059,VIS-0224,2023-06-11,1.0,False
SES-000384,VIS-0044,2024-02-20,16.0,False
SES-002648,VIS-0287,2023-08-09,16.0,False
SES-003802,VIS-0408,2023-06-26,8.0,False
SES-000377,VIS-0044,2023-12-11,15.0,True
SES-001145,VIS-0124,2023-12-08,1.0,True
SES-001340,VIS-0145,2024-02-20,21.0,True
SES-002593,VIS-0281,2023-09-08,35.75238743403097,False
SES-001271,VIS-0138,2024-05-19,2.0,False
SES-001767,VIS-0193,2024-05-23,12.0,False
SES-000872,VIS-0096,2024-03-04,7.0,True
SES-001817,VIS-0197,2024-06-22,6.0,False
SES-001356,VIS-0147,2024-05-31,6.0,False
SES-002107,VIS-0229,2023-09-26,1.0,False
SES-002949,VIS-0318,2023-11-24,9.0,False
SES-002116,VIS-0231,2023-12-27,14.0,False
SES-001171,VIS-0127,2024-05-12,11.0,False
SES-000223,VIS-0026,2023-07-29,1.0,False
SES-001492,VIS-0163,2024-03-14,2.0,False
SES-000114,VIS-0013,2024-05-01,6.0,False
SES-001992,VIS-0217,2024-06-10,8.0,True
SES-003506,VIS-0377,2023-09-20,10.0,True
SES-002741,VIS-0296,2023-12-21,11.0,False
SES-002687,VIS-0291,2023-11-23,1.0,False
SES-003798,VIS-0408,2023-08-20,8.0,True
SES-000768,VIS-0085,2023-10-17,8.0,True
SES-003955,VIS-0425,2023-10-09,14.0,True
SES-000167,VIS-0020,2023-12-04,4.0,False
SES-000569,VIS-0064,2023-12-03,9.0,False
SES-000078,VIS-0008,2024-01-09,9.0,False
SES-000213,VIS-0025,2024-01-22,5.0,False
SES-001270,VIS-0138,2023-09-16,5.0,False
SES-002112,VIS-0230,2024-06-14,1.0,False
SES-001322,VIS-0143,2023-12-17,9.0,True
SES-000358,VIS-0042,2024-04-28,1.0,True
SES-000518,VIS-0059,2023-10-02,12.0,False
SES-004022,VIS-0433,2024-01-06,12.0,False
SES-003188,VIS-0343,2024-04-11,7.0,False
SES-001789,VIS-0195,2024-06-03,19.0,False
SES-002637,VIS-0286,2023-11-17,14.0,False
SES-003277,VIS-0351,2023-09-15,1.0,False
SES-001937,VIS-0211,2024-06-07,4.0,False
SES-002862,VIS-0308,2023-07-24,8.0,False
SES-000310,VIS-0036,2024-01-24,11.0,False
